items_id,asks-for,p_contents_eng,a1_contents_eng,a2_contents_eng,correct_answers,p_contents_kz,a1_contents_kz,a2_contents_kz
501,cause,The item was packaged in bubble wrap.,It was fragile.,It was small.,1,Элемент көпіршік орамаларына оралды.,Бұл нәзік болды.,Бұл кішкентай болды.
502,effect,I emptied my pockets.,I retrieved a ticket stub.,I found a weapon.,1,Мен қалтамды босатамын.,Мен билет кестесін шығардым.,Мен қару таптым.
503,effect,Termites invaded the house.,The termites disappeared from the house.,The termites ate through the wood in the house.,2,Термиттер үйді басып алды.,Термиттер үйден жоғалып кетті.,Терметтер үйдегі ағаштан жеді.
504,effect,The travelers reached the border.,The patrol agent checked their passports.,The patrol agent accused them of smuggling.,1,Саяхатшылар шекараға жетті.,Патрульдік агент паспорттарын тексерді.,Патрульдік агент оларды контрабанданың деп айыптады деп айыптады.
505,cause,The office was closed.,It was a holiday.,It was summer.,1,Кеңсе жабылды.,Бұл мереке болды.,Бұл жаз болды.
506,cause,The girl ran out of energy.,She played checkers.,She jumped rope.,2,Қыз энергетикалық болып қалды.,Ол дойбы ойнады.,Ол арқанмен секірді.
507,cause,The woman lost her place in line.,More people entered the line.,She stepped out of the line.,2,Әйел өз орнынан өз орнынан айырылды.,Жолға көбірек адамдар кірді.,Ол сызықтан шықты.
508,cause,The girl pinched her nose.,The baby drooled on her bib.,The baby soiled her diaper.,2,Қыз мұрнын қысып алды.,Нәресте оның бибіне жүгінді.,Нәресте жөргекті лақтырды.
509,effect,The band played their hit song.,The audience clapped along to the music.,The audience politely listened in silence.,1,Топтар хит әндерін ойнады.,Аудитория музыкаға сәйкес келеді.,Көрермендер үнсіз тыңдады.
510,effect,The girl wanted to thank her math teacher.,The girl stayed after school for detention.,The girl brought the teacher an apple.,2,Қыз оған математика пәнінің мұғаліміне алғыс айтқысы келді.,Қыз мектептен кейін ұсталғаннан кейін қалды.,Қыз мұғалімге алма әкелді.
511,cause,The young campers felt scared.,Their camp counselor told them a ghost story.,They toasted marshmallows on the campfire.,1,Жас лагерьлер қорқып кетті.,Олардың лагері кеңесшісі оларға елес тарихы туралы айтты.,Олар лагерьдегі маршалдарды тосттты.
512,effect,The man hit his head.,He got lost in thought.,He got a concussion.,2,Ер адам басын ұрды.,Ол ойдан айырылды.,Ол шайқалды.
513,cause,The check I wrote bounced.,My bank account was empty.,I earned a pay raise.,1,Мен оны тексеруді тексердім.,Менің банктік шотым бос болды.,Мен жалақыны көтеруді таптым.
514,effect,The man's email inbox was full of spam.,He deleted the spam.,He sent out a mass email.,1,Ер адамның электрондық поштасы жәшігі спамға толы болды.,Ол спамды жойды.,Ол жаппай электрондық поштаны жіберді.
515,cause,The sailor was quarantined.,He was exposed to the disease.,He recovered from the disease.,1,Теңізші карантинге қойылды.,Ол ауруға ұшырады.,Ол аурудан қалпына келді.
516,cause,The girl memorized the code.,She recited it to herself.,She forgot to write it down.,1,Қыз Кодты жаттап алды.,Ол оны өзіне оқыды.,Ол оны жазуды ұмытып кетті.
517,effect,I poured the water into the glass.,The water quenched my thirst.,The glass became full.,2,Мен суды әйнекке құйдым.,Су менің шөлдеуімді қалады.,Шыны толып кетті.
518,cause,The man remained silent when his friend finishing speaking.,He wanted to offer his friend support.,He was thinking about his friend's words.,2,Досы сөйлеген кезде ер адам үнсіз қалды.,Ол өзінің досының қолдауын ұсынғысы келді.,Ол досының сөздері туралы ойлады.
519,effect,The accident was my fault.,I felt guilty.,I pressed charges.,1,Апат менің кінәм болды.,Мен өзімді кінәлі сезіндім.,Мен төлемдерді басқанмын.
520,cause,The chain came apart.,The chain was wrapped around a tire.,There was a broken link in the chain.,2,Тізбек бөлек келді.,Тізбек шинаға оралған.,Тізбекте сынған сілтеме болды.
521,cause,The couple decided to compromise.,They grew tired of arguing.,They avoided discussing the problem.,1,Ерлі-зайыптылар ымыраға келу туралы шешім қабылдады.,Олар дау-дамайдан шаршады.,Олар мәселені талқылауға жол бермеді.
522,effect,The woman decided to run for public office.,She hired a campaign manager.,She testified in court.,1,Әйел мемлекеттік кеңсеге жұмыс істеуге шешім қабылдады.,Ол науқан менеджерін жалдады.,Ол сотта куәлік берді.
523,effect,The man anticipated cold weather on his trip.,He packed warm clothing in his suitcase.,He travelled with a big suitcase.,1,Ер адам сапарында суық ауа-райын күтті.,Ол өзінің чемоданында жылы киімдерді жинады.,Ол үлкен чемоданмен саяхаттады.
524,effect,The student knew the answer to the question.,He raised his hand.,He goofed off.,1,Студент сұраққа жауап білді.,Ол қолын көтерді.,Ол кетіп қалды.
525,cause,The man's eyes watered.,Dust got into his eyes.,He put goggles over his eyes.,1,Ер адамның көзі суарылды.,Шаң көзіне түсіп кетті.,Ол көзіне көзілдірігін қойды.
526,effect,The player won five games in a row.,Her opponent accused her of cheating.,Her opponent felt sorry for her.,1,Ойыншы бес ойын қатарынан жеңді.,Оның қарсыласы оны алдады деп айыптады.,Оның қарсыласы оған кешірім сұрады.
527,cause,The teacher tore up the student's exam.,He caught the student cheating.,The student's answers were incorrect.,1,Мұғалім студенттің емтиханын жыртып тастады.,Ол оқушыны алдауды ұстап алды.,Студенттің жауаптары дұрыс болмады.
528,cause,I paused to stop talking.,I lost my voice.,I ran out of breath.,2,Мен сөйлесуді тоқтату үшін кідірдім.,Мен дауысымды жоғалттым.,Мен дем алдым.
529,cause,The frozen food thawed.,I put it in the microwave.,I covered it with plastic wrap.,1,Мұздатылған тағам еріген.,Мен оны микротолқынды пешке қойдым.,Мен оны пластикалық орамамен жаптым.
530,cause,The employee faked sick.,He had stomach cramps.,He wanted a day off.,2,Қызметкер ауруды оятады.,Оның асқазанның қысылуы болды.,Ол демалыс күндерін қалады.
531,cause,The girl landed in the pool.,She ran on the pool deck.,She jumped off the diving board.,2,Қыз бассейнге қонды.,Ол бассейн палубасында жүгірді.,Ол сүңгуір тақтадан секірді.
532,cause,The movie tickets sold out.,It was opening day for the movie.,The movie received poor reviews.,1,Кино билеттері сатылды.,Бұл фильмнің ашылуы болды.,Фильмде нашар пікірлер алынған.
533,effect,The man lost weight.,People isolated him.,People complimented him.,2,Адам салмағын жоғалтты.,Адамдар оны оқшаулады.,Адамдар оны мақтады.
534,cause,The girl's hands became blistered.,She typed up a letter.,She climbed up a rope.,2,Қыздың қолдары жарылды.,Ол хат жазды.,Ол арқанға көтерілді.
535,effect,The circus performer juggled while riding a unicycle.,The audience cheered in astonishment.,The acrobat swung from a trapeze.,1,Цирк орындаушысы велосипедпен жүру кезінде жөке.,Көрермендер таңғалды.,Acrobat трапециядан бұрылды.
536,cause,I lost my patience.,My friend kept me waiting.,My friend arrived on time.,1,Мен шыдамдылығымды жоғалттым.,Менің досым мені күтті.,Менің досым уақытында келді.
537,effect,The warring countries wanted peace.,They developed nuclear weapons.,They negotiated a treaty.,2,Жаңарған елдер тыныштықты қалады.,Олар ядролық қаруды жасады.,Олар шартты келіссөздер жүргізді.
538,effect,The man took sleeping medication.,He became drowsy.,He ran a fever.,1,Ер адам ұйықтап жатқан дәрі қабылдады.,Ол ұйқышыл болып кетті.,Ол безгегінен жүгірді.
539,effect,The woman bumped into the sofa.,The leg of the sofa came loose.,She bruised her knee.,2,Әйел диванға соғылды.,Диванның аяғы босатылды.,Ол оның тізесін өсірді.
540,effect,The boy squeezed the balloon.,The balloon popped.,The balloon flew away.,1,Бала шарды сығып алды.,Шарланы пайда болды.,Шарда ұшып кетті.
541,effect,They travelers checked into their hotel room.,They unpacked their suitcases.,They went to the airport.,1,Олар саяхатшылар өздерінің қонақ бөлмесіне кірді.,Олар өз чемодандарын шығарып жіберді.,Олар әуежайға кетті.
542,effect,I bit into the peach.,The peach bruised.,Juice spilled out.,2,Мен шабдалыға аздап кіремін.,Шабдалы көгерген.,Шырын төгілді.
543,cause,My hands became sticky.,I ate a doughnut.,I had a sweet tooth.,1,Менің қолдарым жабысқақ болады.,Мен пончик жедім.,Менде тәтті тіс болды.
544,effect,I pushed the door.,The door opened.,The door locked.,1,Мен есікті итердім.,Есік ашылды.,Есік құлыпталған.
545,cause,Activists boycotted the products.,The products were tested for quality assurance.,The products were manufactured through child labor.,2,Белсенділер өнімдерді бостандыққа жіберді.,Өнімдер сапаны қамтамасыз ету үшін сыналды.,Өнімдер балалар еңбегі арқылы шығарылды.
546,effect,I drilled a hole in the wall.,A mouse crawled out of the hole.,Dust blew out of the hole.,2,Мен қабырғадағы тесік бұрылдым.,Тышқан тесікшесінен айқайлады.,Шаң тесіктен шығады.
547,cause,The woman felt envious of her sister.,Her sister was happy.,Her sister got divorced.,1,Әйел әйеліне қызғаныш сезінді.,Оның әпкесі бақытты болды.,Оның әпкесі ажырасқан.
548,effect,I spilled wine on my shirt.,I put on an apron.,I changed my shirt.,2,Мен жейдеге шарапты төгіп тастадым.,Мен алжапқыш кидім.,Мен көйлегімді өзгерттім.
549,cause,The cashier opened the cash register.,The customer searched his wallet.,The customer handed her money.,2,Кассир кассалық есепшотты ашты.,Клиент өзінің әмиянын іздеді.,Клиент оның ақшасын берді.
550,effect,The street musician attracted a crowd.,People gave him change.,He sent the crowd away.,1,Көшедегі музыкант көпшілікті қызықтырды.,Адамдар оған өзгеріс берді.,Ол көпшілікті жіберді.
551,cause,The little boy cried to his babysitter.,He missed his parents.,It was snack time.,1,Кішкентай бала өзінің сәбилеріне жылады.,Ол ата-анасын сағынды.,Бұл тағамдық уақыт болды.
552,effect,The pilot's radar detected a storm.,The pilot navigated away from the storm.,The pilot flew through the storm.,1,Ұшқыштың радары дауыл анықтады.,Ұшқыш дауылдан алыстады.,Ұшқыш дауылдан өтті.
553,effect,The tree shed its leaves.,The leaves turned colors.,The leaves accumulated on the ground.,2,Ағаш жапырақтарын төкті.,Жапырақтары түстерді бұрады.,Жер үстінде жиналған жапырақтар.
554,effect,The boy was in a mischievous mood.,He decided to play a card game with his sister.,He decided to play a practical joke on his sister.,2,Бала жаман көңіл-күйде болды.,Ол қарындасымен карта ойынын ойнауға шешім қабылдады.,Ол әпкесінде практикалық әзіл ойнауды ұйғарды.
555,effect,The child complained that he had to go to the bathroom.,His father gave him a soda to drink.,His father stopped the car at a gas station.,2,Бала оның ваннаға баруға мәжбүр болғанына шағымданды.,Әкесі оған ішуге сода берді.,Әкесі көлікті жанармай бекетінде тоқтатты.
556,effect,The child sprinkled fish food into the tank.,The fish leapt out of the tank.,The fish swam towards the food.,2,Бала балық тағамдарын резервуарға себеді.,Балық ыдыстан шығарылады.,Балық тағамға қарады.
557,effect,The woman's political views changed.,She switched her party affiliation.,She engaged in a protest.,1,Әйелдің саяси көзқарастары өзгерді.,Ол өзінің партиясының филиалын ауыстырды.,Ол наразылықпен айналысады.
558,effect,The bathroom sink was clogged.,I turned on the faucet.,I poured drain cleaner into it.,2,Жуынатын бөлме бітелген.,Мен кранды қостым.,Мен оған су төгетін тазартқышты құйдым.
559,cause,The passengers got off the train.,The train arrived at the station.,The train blared its whistle.,1,Жолаушылар пойыздан түсіп кетті.,Пойыз станцияға келді.,Пойыз өзінің ысқырығын бітті.
560,effect,The man pressed down on the moist flap of the envelope.,He put a stamp on the envelope.,He sealed the envelope shut.,2,Адам конверттің дымқыл қақпағын басып тұрды.,Ол конвертке мөр қойды.,Ол конвертті жабды.
561,cause,The friends lost touch.,They enjoyed each other's company.,They moved to different cities.,2,Достар жанасуды жоғалтты.,Олар бір-бірінің компаниясына ұнады.,Олар әр түрлі қалаларға көшті.
562,effect,The accountant mismanaged the company's funds.,She was fired from her position.,She went on maternity leave.,1,Бухгалтер компанияның қаражатына сәйкес келісті.,Ол өз позициясынан жұмыстан шығарылды.,Ол декреттік демалысқа кетті.
563,cause,I looked at the clock.,I heard the clock tick.,I wanted to check the time.,2,Мен сағатқа қарадым.,Мен тәулік бойы естідім.,Мен уақытты тексергім келді.
564,cause,My hand cramped up.,I wrote the essay by hand.,My wife and I held hands.,1,Менің қолым қысылды.,Мен эссе қолмен жаздым.,Әйелім екеуміз қолдарымды ұстадым.
565,cause,The bolt tightened.,I replaced the bolt.,I twisted the wrench.,2,Болт күшейтті.,Мен болтты ауыстырдым.,Мен кестені бұрдым.
566,effect,The couple signed a lease for an apartment.,The couple moved into the apartment.,The city condemned the apartment.,1,Ерлі-зайыптылар пәтерге жалға алуға қол қойды.,Ерлі-зайыптылар пәтерге көшті.,Қала пәтерді айыптады.
567,cause,The woman sat outside on the porch.,She wanted to watch the sunset.,She thought she saw lightning.,1,Әйел кіреберісте сыртқа отырды.,Ол күннің батуын көргісі келді.,Ол найзағайды көрді деп ойлады.
568,cause,The man wore a lifejacket in the water.,He couldn't swim.,The water was shallow.,1,Ер адам судағы қызмет көрсетуді киді.,Ол жүзе алмады.,Су таяз болды.
569,effect,The woman made a typo in the word processor.,She deleted the document.,She hit the backspace key.,2,Әйел Сөзді процессорға жіберді.,Ол құжатты жойды.,Ол арқанның кілтін қағып кетті.
570,cause,The girl bragged to her friends.,She got a bad grade.,She won a contest.,2,Қыз достарына мақтанған.,Ол жаман баға алды.,Ол байқауға жеңіске жетті.
571,cause,The lawn was muddy.,It poured overnight.,It was full of weeds.,1,Көгалдар балшық болды.,Ол түні бойы құйылды.,Бұл арамшөптерге толы болды.
572,cause,The woman overslept.,She stayed the night in a hotel.,She forgot to set her alarm clock.,2,Әйел көктем.,Ол түнде қонақүйде қалды.,Ол оятарын орнатуды ұмытып кетті.
573,cause,The man put on sunscreen.,He sat in the shade.,He went to the beach.,2,Ер адам күн сәулесінен қорғайды.,Ол көлеңкеде отырды.,Ол жағажайға кетті.
574,effect,The researchers proved the theory.,The researchers retracted the theory.,Individuals accepted the theory.,2,Зерттеушілер теорияны дәлелдеді.,Зерттеушілер теорияны қабылдады.,Жеке тұлғалар теорияны қабылдады.
575,cause,The fans at the game booed.,The game went into overtime.,The referee made a bad call.,2,Ойындағы жанкүйерлер.,Ойын артық жұмыстан өтті.,Төреші қоңырау шалды.
576,effect,I entered my combination on the lock.,I shut the lock.,The lock popped open.,2,Мен құлыптағы тіркесімді енгіздім.,Мен құлыпты жаптым.,Құлып ашылды.
577,effect,The crowd intensified.,The father handed his son some money.,The father grabbed his son's hand.,2,Жиналғандар күшейе түсті.,Әке Ұлына ақша табыстады.,Әкесі ұлының қолынан ұстап алды.
578,effect,The snow was blocking the driveway.,I gathered the snow into a snowball.,I shoveled the snow out of the way.,2,Қар жауып тұрды.,Мен қарды қарға жинадым.,Мен қарды қалайша жеңдім.
579,effect,The kayakers paddled their oars.,The kayak reached the shore.,The kayak hit a wave.,1,Каясерлер өздерінің есдерін қойды.,Қайақ жағаға жетті.,Қайк толқынға соқты.
580,effect,The girl lost control of her bike.,She let go of the handlebars.,She crashed into a fence.,2,Қыз Велосипедті бақылаудан айырылды.,Ол лақтырғыштарды жіберуге мүмкіндік берді.,Ол қоршауға құлады.
581,effect,I turned on the fan.,Water sprinkled onto my skin.,I felt cool air pass over me.,2,Мен желдеткішке қосылдым.,Су менің теріме себілген.,Мен өзімді салқын ауаны сезіндім.
582,cause,The surfers returned to the beach.,They were drenched.,They saw a shark.,2,Серферлер жағажайға оралды.,Оларды құрғатылды.,Олар акуланы көрді.
583,effect,I pulled the drain plug in the bathtub.,The water drained out of the tub.,The water splashed onto the floor.,1,Мен су төгетін штепсельді ваннаға шығардым.,Су ыдыстан су құйылды.,Су еденге бөлініп кетті.
584,effect,The husband felt guilty about cheating on his wife.,He accused her of infidelity.,He confessed his infidelity to her.,2,Күйеуі әйелін алдауды сезінді.,Ол оны опасыздық жасады деп айыптады.,Ол өзінің опасыздықын мойындады.
585,cause,The ink on the poster smeared.,I waited for the ink to dry.,I spilled water on the poster.,2,Постердегі сия жағылды.,Мен сияны кептіру күттім.,Мен суды плакатқа төгдім.
586,cause,The child woke up screaming.,He had a nightmare.,He wet the bed.,1,Балалар айқайлады.,Оның қорқынышы болды.,Ол төсекті сулады.
587,effect,The boy put his feet up on the table.,His father sat down at the table.,His father lectured him.,2,Бала аяғын үстелге қойды.,Әкесі үстелге отырды.,Әкесі оған дәріс оқыды.
588,cause,My friend turned his head in my direction.,I shouted his name.,I waved my arms.,1,Менің досым басын менің бағытыма бұрды.,Мен оның есімін айқайладым.,Мен құшағымды.
589,effect,The government oppressed its citizens.,The citizens staged a revolt.,The citizens registered to vote.,1,Үкімет өз азаматтарына қысым көрсетті.,Азаматтар көтеріліс болды.,Дауыс беруге тіркелген азаматтар.
590,effect,The boy was lost in the woods.,He pitched a tent.,He screamed for help.,2,Бала орманда жоғалды.,Ол шатырды тұрғызды.,Ол көмек сұрады.
591,cause,The woman travelled abroad.,She wanted to learn how to draw.,She wanted to learn about other cultures.,2,Әйел шетелге сапар шегеді.,Ол қалай сурет салуды үйренгісі келді.,Ол басқа мәдениеттер туралы білгісі келді.
592,cause,The man was jealous of his coworker.,His coworker got a promotion.,His coworker worked late.,1,Ер адам өзінің әріптесіне қызғанышпен қарады.,Оның әріптесі жарнама алды.,Оның әріптесі кеш жұмыс істеді.
593,cause,The man witnessed aliens.,He was hallucinating.,He was meditating.,1,Ер адам шетелдіктердің куәсі болды.,Ол галлюцинация болды.,Ол медитация жасады.
594,cause,The man's hair turned blonde.,He put bleach in it.,He put shampoo in it.,1,Ер адамның шашы аққұба бұрылды.,Ол оған ағартылған.,Ол сусабын қойды.
595,cause,The artist created new work.,She critiqued her previous work.,She felt a stroke of inspiration.,2,Суретші жаңа жұмыс жасады.,Ол оның алдыңғы жұмысын сынға алды.,Ол шабыттың соққысын сезінді.
596,cause,The son moved away from home.,He was discharged from the military.,He was going to college.,2,Ұл үйден аулақ болды.,Ол әскери қызметтен босатылды.,Ол колледжге бара жатқан еді.
597,cause,Books fell out of the bookcase.,The shelves were covered with dust.,An earthquake shook the bookcase.,2,Кітаптар кітап шкафынан құлады.,Сөрелер шаңмен жабылған.,Жер сілкінісі шкафты шайқады.
598,effect,The electricity in my house shut off.,I turned on a light.,I reset the circuit breaker.,2,Менің үйімдегі электр қуаты өшеді.,Мен жарыққа қосылдым.,Мен ажыратқышты қалпына келтіремін.
599,cause,We rode the roller coaster.,It looked scary.,It looked fun.,2,Роликті міндік.,Ол қорқынышты көрінді.,Ол көңілді көрінді.
600,cause,The bag of popcorn began to pop.,I poured butter into the bag.,I heated it in the microwave.,2,Попкорнның сөмкесі пайда бола бастады.,Мен сары майды сөмкеге құйдым.,Мен оны микротолқынды пеште қыздырдым.
601,effect,A tree fell on the power line.,The electricity in the neighborhood went out.,The forecast predicted heavy winds.,1,Ағаш электр желісіне құлады.,Көршілес электр қуаты сөніп қалды.,Болжам ауыр желді болжады.
602,effect,The speaker made politically incorrect comments.,He bored the audience.,He offended the audience.,2,Спикер саяси тұрғыдан дұрыс емес пікірлер жасады.,Ол аудиторияға скучно.,Ол аудиторияны ренжітті.
603,effect,I pricked myself with the pin.,A bead of sweat dripped from my face.,A drop of blood formed on my finger.,2,Мен өзімді PIN-мен байлап тастадым.,Менің бетімнен терді ішетін моншақ.,Саусағыма бір тамшы қан пайда болды.
604,cause,The fish floated on the surface of the tank.,It was hungry.,It was dead.,2,Балық резервуардың бетіне орналастырылды.,Бұл аш болды.,Бұл өлді.
605,cause,The man's voice sounded hoarse.,He had a cold.,He quit smoking.,1,Адамның дауысы естілді.,Ол суық болды.,Ол темекіні тастайды.
606,cause,The elevator doors opened.,The elevator arrived at the designated floor.,The elevator got stuck between floors.,1,Лифт есіктері ашылды.,Элеватор белгіленген еденге келді.,Лифт едендер арасында тұрып қалды.
607,cause,The teenager snuck out of the house.,He lied to his parents.,His parents grounded him.,2,Жасөспірім үйден шықты.,Ол ата-анасына өтірік айтты.,Оның ата-анасы оны жерге қосқан.
608,cause,The bathroom flooded.,The toilet overflowed.,The water heater broke.,1,Жуынатын бөлме су басқан.,Дәретхана толып кетті.,Су жылытқышы сынды.
609,cause,The puppy stayed near its owner.,The owner put a collar on the puppy.,The owner kept the puppy on a leash.,2,Күшік иесінің жанында қалды.,Иесі коллетке жырды қойды.,Иесі күшікті кірпікпен ұстады.
610,cause,The man caught his reflection.,He stood under the sprawling tree.,He stood over the calm lake.,2,Ер адам өзінің көрінісін ұстап алды.,Ол шашырап тұрған ағаштың астында тұрды.,Ол тыныш көлден тұрды.
611,effect,I missed my girlfriend's phone call.,I called her back.,I met her for dinner.,1,Мен қызымның телефон қоңырауын сағындым.,Мен оны кері шақырдым.,Мен оны кешкі асқа кездестім.
612,cause,The family searched the neighborhood.,Their dog ran away from home.,Expensive jewelry was missing from their home.,1,Отбасы көршілікті іздеді.,Олардың иттері үйден қашып кетті.,Қымбат зергерлік бұйымдар өз үйінен жоқ болды.
613,cause,I saw my breath when I exhaled.,The weather was chilly.,My chest felt tight.,1,Мен дем алған кезде демімді көрдім.,Ауа райы салқын болды.,Менің кеудем қатты сезінді.
614,cause,The employees formed a union.,They wanted better working conditions.,Their employer raised their wages.,1,Қызметкерлер одақ құрды.,Олар еңбек жағдайлары жақсы болды.,Олардың жұмыс берушісі жалақысын көтерді.
615,effect,I baked an apple pie.,A rotting smell filled the kitchen.,A warm aroma filled the kitchen.,2,Мен алма пирогын пісірдім.,Ас үйге шірілген иіс пайда болды.,Ас үйге жылы хош иіс құйылды.
616,cause,The woman struggled to walk.,She wore high heels.,She took off her shoes.,1,Әйел жүруге тырысты.,Ол биік өкшелерді киді.,Ол аяқ киімін шешіп алды.
617,cause,Steam rose off of the pot of water.,The water boiled.,I covered the pot.,1,Бу кастрюльден өсті.,Су қайнатылды.,Мен кастрюльді жаптым.
618,effect,All my socks were in the laundry.,I wore sandals.,I wore boots.,1,Менің барлық шұлығым кірде болды.,Мен сандалдарды кидім.,Мен етік кидім.
619,effect,The politician's argument was considered absurd.,He lost the support of voters.,He was accused of corruption.,1,Саясаткердің дауы абсурдтық болып саналды.,Ол сайлаушылардың қолдауынан айрылды.,Ол сыбайлас жемқорлық жасады деп айыпталған.
620,effect,Everyone disapproved of the couple's engagement.,The couple got pregnant.,The couple eloped.,2,Әркім ерлі-зайыптылардың келіспеушілігінен риза.,Ерлі-зайыптылар жүкті болды.,Ерлі-зайыптылар.
621,cause,The building was dedicated to the millionaire.,The millionaire wanted the building torn down.,The millionaire contributed the funds to build it.,2,Ғимарат миллионерге арналды.,Миллионер ғимараттың жыртылғанын қалады.,Миллионер қаражатты құруға ықпал етті.
622,cause,The sale associate accused the girl of stealing.,The sales associate saw the girl put merchandise in her purse.,The sales associate helped the girl find the purse she liked.,1,Сату қауымдастығы ұрлау қызын ұрлады деп айыптады.,Сату қауымдастығы қызды өзінің әмиянында тауар қойғанын көрді.,Сату қауымдастығы қызға ұнаған әмиянды табуға көмектесті.
623,effect,The country declared war on the neighboring territory.,Soldiers were sent out to fight.,Soldiers were reunited with their families.,1,Ел көрші аумаққа соғыс жариялады.,Жауынгерлер күресуге жіберілді.,Жауынгерлер өз отбасыларымен қайта қауышқан.
624,effect,The court upheld the controversial ruling.,A riot broke loose in front of the courthouse.,A couple exchanged vows in front of the courthouse.,1,Сот даулы шешімдерді қолдады.,Сот ғимаратының алдында тәртіпсіздіктер босатылды.,Ерлі-зайыптылар сот ғимаратының алдына ант берді.
625,cause,The girl smelled something burning.,She took the cookies out of the jar.,She left the cookies in the oven.,2,Қыз бір нәрсені иіскеді.,Ол cookie файлдарын құмырадан шығарды.,Ол печеньелерді пеште қалдырды.
626,effect,The rain was pouring down.,The storm worsened.,I dashed to get inside.,2,Жаңбыр жауып тұрды.,Дауыл нашарлады.,Мен ішке кірдім.
627,cause,The building was evacuated.,The elevator stopped functioning.,The fire alarm went off.,2,Ғимарат эвакуацияланды.,Лифт жұмысын тоқтатты.,Өрт дабылы сөніп қалды.
628,effect,The father resented his son's alcoholism.,The father bought his son a beer.,The father kicked his son out of the house.,2,Әкесі ұлының алкоголизміне наразы болды.,Әкесі ұлын сыра сатып алды.,Әкесі Ұлын үйден шығарды.
629,cause,The lawyer took the stairs up to her office.,The secretary went home for the day.,The elevator was out of order.,2,Адвокат баспалдақтарды өз кеңсесіне көтерді.,Хатшы үйге кетті.,Лифт тәртіптен тыс болды.
630,cause,The man became annoyed with his friend.,His friend interrupted him.,His friend bought him lunch.,1,Ер адам досымен ашуланды.,Досы оған тоқтады.,Оның досы оны түскі ас сатып алды.
631,effect,The girl handed her money to the cashier.,The cashier gave the girl her change.,The cashier forgot to give the girl a receipt.,1,Қыз оны кассирге тапсырды.,Кассир қызға өзгерді.,Кассир қызға түбіртек беруді ұмытып кетті.
632,cause,The woman was put in a wheelchair.,She was paralyzed in an accident.,She entered the hospital in a stretcher.,1,Әйел мүгедектер арбасына қойылды.,Ол апатқа шал болған.,Ол ауруханаға зембілмен кірді.
633,cause,Citizens hung the national flag up outside their homes.,The country was commemorating its independence.,The country was facing economic hardship.,1,Азаматтар мемлекеттік жалаушаны үйлерінен тыс ақтады.,Ел өз тәуелсіздігін еске алды.,Ел экономикалық қиындықтарға кезіді.
634,effect,The team lost the tournament.,They disappointed their fans.,They inspired their fans.,1,Команда турнирден айырылды.,Олар өз жанкүйерлерінен көңзен көңілі қалды.,Олар өз жанкүйерлерін шабыттандырды.
635,effect,My friend pointed out that I had food stuck in my teeth.,I felt embarrassed.,I felt proud.,1,Менің досым менің тамағымның менің тістерімде тұрып қалғанын айтты.,Мен ұялдым.,Мен өзімді мақтан тұтамын.
636,cause,The boy failed his history exam.,He paid attention in class.,He forgot to study.,2,Бала өзінің тарих емтиханын сәтсіз аяқтады.,Ол сыныпта назар аударды.,Оқуды ұмытып кетті.
637,cause,The downtown building collapsed.,An earthquake hit the city.,Crime rates in the city increased.,1,Қала орталығындағы ғимарат құлады.,Қалаға жер сілкінісі болды.,Қаладағы қылмыс деңгейі өсті.
638,effect,The man's girlfriend broke up with him.,He begged her to take him back.,She introduced him to her parents.,1,Ер адамның қызы онымен ажырасқан.,Ол одан оны қайтып тастауын өтінді.,Ол оны ата-анасына таныстырды.
639,effect,The two children simultaneously reached down to retrieve the ball.,The ball rolled away.,Their heads collided.,2,Екі бала допты алуға бір уақытта жетті.,Доп сөніп қалды.,Олардың бастары соқтығысқан.
640,cause,The raccoon ransacked the garbage can.,There was cardboard in the garbage can.,The lid was off the garbage can.,2,Ракон қоқыс жинады.,Қоқыста картон болды.,Қақпа қоқыс тастады.
641,cause,The boy sharpened the pencil.,It was cheap.,It was dull.,2,Бала қарындашты қайраған.,Бұл арзан болды.,Бұл түтіккен еді.
642,cause,The cashier denied the woman a refund for the dress.,She lost her receipt.,The dress didn't fit.,1,Кассир әйелді көйлек үшін қайтарудан бас тартты.,Ол оның түбіртегін жоғалтты.,Көйлек жарамады.
643,effect,The scratch in my skin was deep.,It healed quickly.,It left a scar.,2,Менің терімдегі тырнақ терең болды.,Ол тез емделді.,Ол тыртық қалды.
644,cause,The man received strange looks from passengers on the train.,He was staring at the ground.,He was talking to himself.,2,Ер адам пойызға жолаушылардан біртүрлі көрініс алды.,Ол жерге қарап тұрды.,Ол өзібен сөйлескен.
645,effect,The child left crumbs on the floor.,Ants crawled to the crumbs.,The child put the bread away.,1,Баланың еденге үгінділер қалды.,Құмырсқалар үгінділерге түсіп кетті.,Бала нанды алып тастайды.
646,cause,The woman handed her sister a tissue.,The woman's sister folded her hands.,The woman's sister began to cry.,2,Әйел оған әпкесін тін сыйға берді.,Әйелдің қарындасы қолын бүктеді.,Әйелдің әпкесі жылай бастады.
647,cause,The man took a mint.,His lips were chapped.,He worried about bad breath.,2,Ер адам жалбыз алды.,Оның ерні жарылды.,Ол жаман дем туралы алаңдады.
648,cause,The couple left early for the show.,They anticipated traffic around the theatre.,They got directions to the theatre.,1,Ерлі-зайыптылар шоу үшін ерте кетті.,Олар театрдағы трафикті күтеді.,Олар театрға бағыт алды.
649,effect,The woman stayed home from work.,Her boss praised her.,Her coworker covered for her.,2,Әйел жұмыстан үйде қалды.,Оның бастығы оны мақтады.,Оның әріптесі оны жауып тастады.
650,cause,The man signed the activists' petition.,He supported their cause.,He denounced them as crazy.,1,Ер адам белсенділердің өтінішіге қол қойды.,Ол олардың себептерін қолдады.,Ол оларды ақылсыз деп айыптады.
651,cause,The actor's heart was fluttering before his performance.,He had stage fright.,He memorized his lines.,1,Актерлердің жүрегі оның қойылғанға дейін дірілдеді.,Оның сахнасы қорқынышты болды.,Ол өз жолдарын жаттап алды.
652,effect,I was lost.,I counted my cash.,I unfolded a map.,2,Мен адасып қалдым.,Мен қолма-қол ақшамды санадым.,Мен картаны аштым.
653,effect,The ripe fruit lingered in the sun.,It was eaten.,It shriveled up.,2,Піскен жемістер күн сәулесінде.,Ол жеді.,Ол азаяды.
654,cause,The car broke down.,I turned the ignition.,The engine overheated.,2,Көлік бұзылды.,Мен тұтандым.,Қозғалтқыш қатты қызып кетті.
655,effect,The man hurt his back.,He went to see a psychiatrist.,He stayed in bed for several days.,2,Ер адам өзінің арқасын ренжітті.,Ол психиатрды көруге кетті.,Ол бірнеше күн төсекте қалды.
656,cause,I started a fire in the fireplace.,I was out of firewood.,It was cold in the house.,2,Мен каминде отты бастадым.,Мен отыннан шықтым.,Үйде суық болды.
657,cause,The woman stopped jogging.,She got a cramp in her side.,She got a second wind.,1,Әйел жүгіруді доғарды.,Оның жағында қысылды.,Ол екінші жел алды.
658,effect,I knocked on my neighbor's door.,My neighbor invited me in.,My neighbor left her house.,1,Мен көршімнің есігін қағып жібердім.,Менің көршім мені шақырды.,Менің көршім үйінен кетті.
659,cause,The woman sighed with frustration.,Her husband misunderstood her concerns.,Her husband kissed her goodbye.,1,Әйел ашуланшақпен күрсін.,Күйеуі оның алаңдаушылығын түсінбеді.,Күйеуі қоштасуын сүйді.
660,cause,The teacher commended the student.,The student answered the question correctly.,The student hesitated to answer the question.,1,Мұғалім оқушыны мақтады.,Студент сұраққа дұрыс жауап берді.,Студент сұраққа жауап беруге тартынды.
661,effect,The woman ran out of eggs.,She went to the farm.,She went to the supermarket.,2,Әйел жұмыртқадан шыққан.,Ол фермаға барды.,Ол супермаркетке барды.
662,effect,I encountered an old friend.,I revealed a secret to him.,I gave him a hug.,2,Мен ескі досыммен кездестім.,Мен оның құпиясын аштым.,Мен оған құшақтадым.
663,cause,The woman avoided going in the lake.,She caught a fish.,It looked contaminated.,2,Әйел көшеге шығуға жолданды.,Ол балық аулады.,Ол ластанған көрінді.
664,cause,The student arrived to class soaking wet.,His umbrella was broken.,His bike was stolen.,1,Студент дымқыл малынған сыныпқа келді.,Оның қолшатыры сынған.,Оның велосипесі ұрланған.
665,cause,The cursor on the computer screen moved.,The user clicked the mouse.,The user shifted the mouse.,2,Компьютер экранындағы курсор жылжиды.,Пайдаланушы тінтуірді басқан.,Пайдаланушы тінтуірді етті.
666,cause,The driver took a detour.,An accident occurred on the main road.,She followed the truck in front of her.,1,Жүргізуші айналма жолды алды.,Жол апаты басты жолда болды.,Ол оның алдында жүк көлігін ұстанды.
667,effect,I hung the wet linen on the outdoor clothesline.,The linen dried.,The linen stained.,1,Мен дымқыл шүберектерді ашық киім сызығында іліп қойдым.,Зығырдан кептірілген.,Зығыр боялған.
668,cause,The woman put on her shades.,The sunlight was bright.,She hailed a cab.,1,Әйел реңктерін қойды.,Күн сәулесі жарқын болды.,Ол кабинаны бағып тастады.
669,cause,The man gazed at the night sky.,He wished it were summer.,He thought it was beautiful.,2,Ер адам түнгі аспанда қарады.,Ол бұл жаз еді.,Ол әдемі деп ойлады.
670,effect,I felt exhausted.,I went to bed early.,I stayed up all night.,1,Мен шаршадым.,Мен ерте ұйықтадым.,Мен түні бойы тұрдым.
671,cause,The man went to the barber.,He was growing out his hair.,His hair was getting long.,2,Ер адам шаштаразға кетті.,Ол шашын өсірді.,Оның шашы ұзаққа созылды.
672,cause,The boy played mean tricks on his new classmate.,The boy welcomed the new classmate.,The boy disliked the new classmate.,2,Бала өзінің жаңа сыныптастарында ойнады.,Бала жаңа сыныптастарын қарсы алды.,Бала жаңа сыныптастарын ұнатпады.
673,cause,I craved a glass of milk.,I was eating cookies.,I was baking bread.,1,Мен бір стақан сүтке құмармын.,Мен печенье жедім.,Мен нан пісірдім.
674,effect,It began to rain.,The driver turned on the headlights.,The driver shifted the car into reverse.,1,Жаңбыр жауа бастады.,Жүргізуші фараларды аударды.,Жүргізуші көлікті кері қарай етті.
675,effect,The parking lot of the building was empty.,I parked across the street.,I parked near the entrance.,2,Ғимараттың тұрағы бос болды.,Мен көшеде тұрдым.,Мен кіреберістің жанында тұрдым.
676,cause,The writer missed her deadline for the draft submission.,She had writer's block.,She edited the draft.,1,Жазушы жобаны ұсыну мерзімін жіберіп алды.,Оның жазушы блогы болды.,Ол жобаны өңдеді.
677,cause,The associate hung up on me.,I asked to speak to a supervisor.,I provided my identification number.,1,Ассоциация маған ілінген.,Мен супервайзермен сөйлесуді өтіндім.,Мен сәйкестендіру нөмірімді ұсындым.
678,effect,The wind blew through the open window.,The doorbell rang.,The curtains shuddered.,2,Жел ашық терезені жарып жіберді.,Есік қоңырауы.,Перделер дірілдеді.
679,cause,The electricity in my house shut off.,I unplugged the lamp.,I blew a fuse.,2,Менің үйімдегі электр қуаты өшеді.,Мен шамды ажыратып жібердім.,Мен сақтандырғышты жарып жіберемін.
680,cause,The weightlifter grunted.,He flexed his muscles in the mirror.,He lifted the bar over his head.,2,Ауыр атлет болды.,Ол бұлшық еттерін айнаға итермеледі.,Ол жолақты басына көтерді.
681,effect,The student tried to do the math in his head.,He got out a calculator.,He got confused.,2,Студент математиканы оның басына жасауға тырысты.,Ол калькулятордан шықты.,Ол шатастырды.
682,cause,The baby fell asleep.,The father changed the baby's diaper.,The father gently rocked the baby.,2,Нәресте ұйықтап қалды.,Әкем баланың жөргегін өзгертті.,Әкесі нәресте ақырын шайқады.
683,effect,The girl threw the water balloon at the boy.,The boy got a concussion.,The boy got soaked.,2,Қыз баланың су шарын лақтырып жіберді.,Бала жеңді.,Бала малынған.
684,effect,The photographer forgot to use the flash on the camera.,The photos turned out blurry.,Everyone in the photos refused to smile.,1,Фотограф Камерада жарқылды пайдалануды ұмытып кетті.,Фотосуреттер бұлыңғыр болды.,Суреттердегі барлық адамдар күлуден бас тартты.
685,cause,I declined the invitation to the birthday party.,I was lonely.,I was out of town.,2,Мен туған күн кешіне шақырудан бас тарттым.,Мен жалғызбын.,Мен қаладан тыс қалдым.
686,cause,I exercised.,I felt energetic.,I was scared.,1,Мен жаттығу жасадым.,Мен жігерлі сезіндім.,Мен қорқып кеттім.
687,effect,I squeezed the damp sponge.,It soaked up water.,Water seeped out of it.,2,Мен дымқыл губканы сығып алдым.,Ол суды малынған.,Судың ішінде су қойылды.
688,cause,The vacationers took a ferry to the resort.,The resort was booked.,The resort was on an island.,2,Демалушылар курорттарға паром алды.,Курорт броньдалған.,Курорт аралда болды.
689,cause,The teenager got a tattoo.,She was afraid of needles.,She wanted to rebel.,2,Жасөспірім татуировкасы бар.,Ол инелерден қорықты.,Ол бүлік шығарғысы келді.
690,effect,An unfamiliar car parked outside my house.,I became suspicious.,I called the police.,1,Менің үйімнің сыртында бейтаныс көлік тұрғызылған.,Мен күдікті болдым.,Мен полиция шақырдым.
691,cause,The criminal turned himself in.,The evidence implicated him., There was no evidence against him.,1,Қылмыскер өзі бұрылды.,Дәлел оны бұйырды.,Оған ешқандай дәлел болған жоқ.
692,effect,The heavyset man decided to lose weight.,He cut out sweets.,He avoided caffeine.,1,Сөйлдік адам салмақ тастауға шешім қабылдады.,Ол кәмпиттерді кесіп тастады.,Ол кофеинді болдырмады.
693,effect,The girl stepped on the ice.,She slid.,She shivered.,1,Қыз мұзға шықты.,Ол сырғып кетті.,Ол дірілдеді.
694,cause,The woman had rings under her eyes.,She stayed up all night.,She put her son to bed.,1,Әйел оның көзінің астында шырылдады.,Ол түні бойы тұрды.,Ол баласын төсекке қояды.
695,cause,Lava flowed from the volcano.,The volcano erupted.,The volcano was dormant.,1,Лава вулканнан ағылды.,Жанартау пайда болды.,Жанартау ұйқысыз болды.
696,cause,The woman put her shoes on.,She knew everyone at the party.,She wanted to leave the party.,2,Әйел аяқ киімін қойды.,Ол кеште барлығын білді.,Ол кештен кеткісі келді.
697,effect,I paid the tollbooth attendant.,She let me pass through the tollbooth.,She detained me at the tollbooth.,1,Мен Толлбоотқа қызмет көрсеттім.,Ол маған Толлботта өтуге рұқсат берді.,Ол мені Толлботта ұстады.
698,cause,The executive went bankrupt.,He sold his company stock.,He squandered his fortune.,2,Атқарушы банкротқа ұшырады.,Ол өзінің компания акцияларын сатты.,Ол өзінің байлығын ысырап еткен.
699,cause,The man went to the doctor.,The doctor was on leave.,The man felt ill.,2,Ер адам дәрігерге барды.,Дәрігер демалыста болды.,Ер адам ауыртты.
700,cause,I exited my bedroom through the window.,The house was on fire.,The house was empty.,1,Мен жатын бөлмемнен терезеден шықтым.,Үй өртенді.,Үй бос болды.
701,cause,The boy's fingers became pruny.,He took a long shower.,He lathered his hands with soap.,1,Бала саусақтары алдын ала болды.,Ол ұзақ душ қабылдады.,Ол қолдарын сабынмен көміп тастады.
702,cause,I spit out the milk.,The milk tasted sour.,My mouth was dry.,1,Мен сүт түкірдім.,Сүт қышқыл дәмді.,Менің аузым құрғақ болды.
703,effect,I missed the bus.,I was early to work.,I was late to work.,2,Мен автобусқа кешігіп қалдым.,Мен ерте жұмыс істедім.,Мен жұмысқа кешігіп келдім.
704,effect,The truck collided with the car.,The truck sped up.,The car got smashed.,2,Жүк көлігі көлікпен соқтығысқан.,Жүк көлігі жанып кетті.,Көлік ұрылды.
705,effect,The team rigged the contest in their favor.,They won., They dropped out.,1,Команда конкурсқа өз пайдасына келді.,Олар жеңді.,Олар тастады.
706,cause,The soda bottle hissed.,I turned over the bottle.,I twisted off the cap.,2,Сода бөтелкесі қатты шықты.,Мен бөтелкені бұрдым.,Мен қақпақты бұрап алдым.
707,effect,The boy was locked out of his house.,He crawled in through an open window.,He climbed up to the roof.,1,Бала үйінен құлыпталған.,Ол ашық терезе арқылы жүрді.,Ол шатырға көтерілді.
708,effect,The doorbell rang.,The visitor tapped the knocker on the door.,The woman peered through the keyhole in the door.,2,Есік қоңырауы.,Келуші есікке тигізді.,Әйел есіктің кілттері арқылы қарады.
709,effect,The man stained his suit.,He got it dry-cleaned.,He hung it in his closet.,1,Ер адам өзінің костюмін қағып кетті.,Ол оны құрғақ тазартады.,Ол оны шкафта іліп қойды.
710,effect,The girl squeezed the tube of toothpaste.,The toothpaste squirted out of the tube.,The girl spit out the toothpaste.,1,Қыз тіс пастасының түтікшесін сығып алды.,Тіс пастасы түтіктен шығарылды.,Қыз тіс пастасын түкірді.
711,effect,Civilian deaths from the war surged.,Pacifists staged a protest.,Pacifists held a parade.,1,Соғыстан азаматтық өлім.,Пафистер наразылық қойды.,Пафифтер шеру өткізді.
712,cause,The girl yanked the ribbon out of her hair.,She tied the ribbon.,The ribbon looked babyish.,2,Қыздың шашынан шыққан лентаны иті.,Ол таспаны байлады.,Таспа балабақша көрінді.
713,effect,The man got plastic surgery.,He aged.,He looked younger.,2,Ер адам пластикалық ота жасады.,Ол қартайған.,Ол жас көрінді.
714,cause,A baby chicken emerged from the egg.,The egg hatched.,I cracked the egg.,1,Нәрестелік тауық жұмыртқадан пайда болды.,Жұмыртқа лақтырылды.,Мен жұмыртқаны сындырдым.
715,effect,The prisoner starved.,He died.,He fled.,1,Тұтқыншақ аштық.,Ол өлді.,Ол қашып кетті.
716,effect,The man lost his balance on the ladder.,He climbed up the ladder.,He fell off the ladder.,2,Ер адам баспалдаққа теңгерімді жоғалтты.,Ол баспалдаққа көтерілді.,Ол баспалдақпен құлады.
717,cause,The child burped.,He took a swig of soda.,He opened the soda can.,1,Бала жерленді.,Ол сода свитерін алды.,Ол сода ашты.
718,effect,A cold draft came in through the window.,I relaxed.,I shivered.,2,Терме жоба терезе арқылы келді.,Мен босаңсым.,Мен дірілдедім.
719,cause,The student received a scholarship to go to college.,Her classmates respected her.,She made good grades.,2,Студент колледжге бару үшін стипендия алды.,Оның сыныптастары оны құрметтеді.,Ол жақсы бағалар жасады.
720,cause,The girl poked fun at the boy.,She lived next door to him.,She had a crush on him.,2,Қыз ұлға көңіл көтерді.,Оған келесі есік тұрды.,Ол оған қирады.
721,cause,The hungry vagrant stole food.,He incited pity.,He had no money.,2,Аш вагонант тамақ ұрлады.,Ол аяушылыққа ұшырады.,Оның ақшасы жоқ еді.
722,cause,I called my friend to chat.,I wanted privacy.,I felt lonely.,2,Мен досымды сөйлесуге шақырдым.,Мен құпиялылық тіледім.,Мен өзімді жалғыз сезіндім.
723,effect,The man extended his hand to me.,I shook his hand.,I slapped him.,1,Ер адам маған қолын созды.,Мен оның қолын сілкіп жібердім.,Мен оны ұрдым.
724,cause,I ducked.,The fireworks launched up in the air.,The frisbee soared towards my head.,2,Мен үйрек.,Отшашулар ауада іске қосылды.,Фризби менің басыма қарай көтерілді.
725,cause,The girl bit her nails.,She was worried.,She was surprised.,1,Қыз оның тырнақтарын біртіндеп.,Ол алаңдады.,Ол таң қалды.
726,cause,I turned the page on the calendar.,I marked an appointment on the calendar.,It was the beginning of a new month.,2,Мен бетті күнтізбеде бұрдым.,Мен күнтізбеде кездесуді белгіледім.,Бұл жаңа айдың басталуы болды.
727,effect,The husband discovered that his wife was having an affair.,He fired his lawyer.,He filed for divorce.,2,Күйеуі әйелінің ісі екенін білді.,Ол өзінің адвокатын атып тастады.,Ол ажырасу туралы өтініш берді.
728,effect,The girl dropped the rubber ball.,The ball bounced.,The ball glowed.,1,Қыз резеңке допты тастады.,Доп бұрылды.,Шар жарқырады.
729,effect,The girl made a mistake on her exam.,She guessed at the answer.,She erased her answer.,2,Қыз оның емтиханына қателік жіберді.,Ол жауапқа тап болды.,Ол оның жауабын өшірді.
730,effect,The player tackled his opponent.,His opponent caught the pass.,His opponent hit the ground.,2,Ойыншы қарсыласын шешті.,Оның қарсыласы өтуді ұстап алды.,Оның қарсыласы жерге тиді.
731,cause,I picked the tomatoes from the vine.,They were ripe.,I watered them.,1,Мен қызанақты жүзімнен таңдадым.,Олар піскен еді.,Мен оларды суардым.
732,effect,The man wanted to act romantic.,He met his ex-girlfriend for lunch.,He bought his girlfriend chocolates.,2,Ер адам романтикалық әрекет еткісі келді.,Ол өзінің бұрынғы қызымен түскі асқа қарсы алды.,Ол өзінің қызына шоколад сатып алды.
733,cause,The mercury in the thermometer rose.,I dropped the thermometer.,The weather got warmer.,2,Термометрдегі сынап көтерілді.,Мен термометрді тастадым.,Ауа-райы жылы болды.
734,effect,A tornado came through the town.,The roof of the courthouse blew off.,The highway became dangerously icy.,1,Торнадо қаладан келді.,Сот ғимаратының төбесі жарылды.,Тас жол қауіпті мұзды болды.
735,effect,The student received tutoring.,His grades improved.,He cheated on the exam.,1,Студент репетиция алды.,Оның бағалары жақсарды.,Емтиханды алдады.
736,cause,I felt comfortable.,I kneeled down on the ground.,I wrapped myself in a blanket.,2,Мен өзімді жайлы сезіндім.,Мен жердегі тізе бүктемін.,Мен өзімді көрпе оралдым.
737,effect,I polished the stone.,It became slippery.,It became shiny.,2,Мен тастамды.,Ол тайғақ болды.,Ол жылтыр болды.
738,effect,I added sugar to the coffee.,The coffee smelled strong.,The coffee tasted sweet.,2,Мен кофеге қант қостым.,Кофе мықты иісі болды.,Кофе тәтті болды.
739,effect,The man shuffled through the papers.,He got a paper cut.,He shredded the papers.,1,Ер адам қағаздармен араласты.,Ол қағазды кесіп алды.,Ол қағаздарды ұсақтады.
740,effect,I pounded the nail with the hammer.,The nail sunk into the wood.,The nail became rusty.,1,Мен тырнақты балғамен ұрдым.,Тырнақ ағашқа батып кетті.,Тырнақ тот басқан.
741,effect,The fish bit the line.,The fisherman reeled in the fish.,The fisherman recast the line.,1,Балық сызығын бит.,Балықшы балыққа оралған.,Балықшы сызықты қайта қойды.
742,cause,The teenager was embarrassed to go to school.,She got a pimple.,She got her braces off.,1,Жасөспірім мектепке баруға ұялды.,Ол безеуді алды.,Ол оның бөренелерін шешіп алды.
743,cause,My facial expression lit up.,I received good news.,I lost my patience.,1,Менің бет-әлпетім жанып тұр.,Мен ізгі хабар алдым.,Мен шыдамдылығымды жоғалттым.
744,cause,I wiped my hands with a towel.,The towel was wet.,My hands were wet.,2,Мен қолымды сүлгімен сүрттім.,Сүлгі дымқыл болды.,Қолдарым дымқыл болды.
745,cause,The man lost his balance on the stool.,The stool wobbled underneath him.,He spilled paint on the stool.,1,Ер адам нәжістегі тепе-теңдігін жоғалтты.,Нәжісі оның астына түсіп кетті.,Ол нәжісте бояуды төгіп тастады.
746,cause,The teammates directed blame at each other.,They lost their game.,Their coach cancelled practice.,1,Командалар бір-біріне кінәлі деп атады.,Олар өз ойынынан айырылды.,Олардың жаттықтырушысы тәжірибеден бас тартты.
747,cause,I asked for forgiveness.,I regretted my mistake.,I achieved my goal.,1,Мен кешіруді сұрадым.,Мен қателескеніме өкінемін.,Мен мақсатыма қол жеткіздім.
748,cause,The woman became bored with her date.,He asked her questions about herself.,He talked incessantly about himself.,2,Әйел өз күнімен қиналды.,Ол өзіне қатысты сұрақтардан сұрады.,Ол өзі туралы ойланбады.
749,effect,The girl flashed a smile.,Her cheeks reddened.,Her dimples showed.,2,Қыз күлімсіреді.,Оның щектері қызарады.,Оның қаржалары көрсетті.
750,cause,The enemy ship blew up.,It passed over the mine.,It sailed into the harbor.,1,Жаудың кемені жарылды.,Ол шахтадан өтті.,Ол айлаққа жүзіп кетті.
751,cause,The man punctured his foot.,He walked into a puddle.,He stepped on broken glass.,2,Ер адам аяғын тесіп өтті.,Ол шұңқырға кірді.,Ол сынған әйнекке кетті.
752,effect,The detectives dusted the crime scene for fingerprints.,They discovered the identity of the murderer.,They found the weapon at the crime scene.,1,Детективтер саусақ іздеріне арналған қылмыс орнын шаңдады.,Олар кісі өлтірушінің жеке басын анықтады.,Олар қару-жарақты қылмыс орнында тапты.
753,effect,There was a lot of traffic on the highway.,I took a detour.,I asked for a ride.,1,Тас жолда көптеген трафик болды.,Мен айналма жол алдым.,Мен сапар сұрадым.
754,effect,The nation's economy declined.,Many people got sick.,Many people faced unemployment.,2,Ұлт экономикасы төмендеді.,Көптеген адамдар ауырды.,Көптеген адамдар жұмыссыздыққа тап болды.
755,cause,The crossing guard blew her whistle at the children.,They were about to walk into oncoming traffic.,She recognized them from her neighborhood.,1,Өткізу күзетшісі балаларында ысқырады.,Олар келе жатқан трафикке кірмекші болды.,Ол оларды өзінің төңірегінен білді.
756,cause,I rolled my eyes at my friend.,He told me the truth.,He made a sarcastic remark.,2,Мен досыма көзімді жұмдым.,Ол маған шындықты айтты.,Ол саркатикалық ескерту жасады.
757,effect,The car ran out of gas.,The driver was stranded on the road.,The driver picked up a hitchhiker.,1,Көлік газдан шығып кетті.,Жүргізуші жолда құлады.,Жүргізуші гитчикді алды.
758,effect,The woman went into labor.,The baby was delivered.,The woman had morning sickness.,1,Әйел еңбекке кірді.,Бала жеткізілді.,Әйелдің таңертеңгі ауруы болды.
759,cause,The man's hat blew away.,He took off the hat.,It was windy outside.,2,Ер адамның шляпасы жарылды.,Ол шляпаны шешіп алды.,Ол сыртта желді болды.
760,cause,The girl attended her classmate's birthday party.,She received an invitation.,She bought a gift.,1,Қыз сыныптастарының туған күніне қатысты.,Ол шақыру алды.,Ол сыйлық сатып алды.
761,effect,The boy's forehead felt hot.,His mother took his temperature.,His mother took him to the park.,1,Бала маңдайы ыстық сезінді.,Анасы температурасын алды.,Анасы оны саябаққа апарды.
762,cause,The man sprayed himself with cologne.,He wanted to impress his date.,He put gel in his hair.,1,Ер адам өзін әтірмен себеді.,Ол өзінің күнін таңдандырғысы келді.,Ол гельді шашқа салды.
763,effect,The electricity in the house shut off.,I looked for a flashlight.,I picked up a shovel.,1,Үйдегі электр қуаты өшеді.,Мен шамды іздедім.,Мен күрек алдым.
764,cause,The family moved into a bigger house.,The son graduated from high school.,The mother gave birth to twins.,2,Отбасы үлкен үйге көшті.,Ұлы орта мектепті бітірген.,Анасы егіздерді дүниеге әкелді.
765,cause,The marathoner kept at a slow pace.,She wanted to conserve her energy.,She saw the finish line.,1,Марафонер баяу қарқынмен жүрді.,Ол өз энергиясын сақтағысы келді.,Ол мәре сызығын көрді.
766,cause,The boy kicked the vending machine.,The machine spit out the change.,The bag of chips was stuck.,2,Бала сауда машинасын тепті.,Құрылғы өзгерісті жоққа шығарады.,Чиптер сөмкесі жабысып қалды.
767,effect,My friend's dog died.,I rolled my eyes at him.,I gave him a hug.,2,Менің досымның иті қайтыс болды.,Мен оған көз жұмдым.,Мен оған құшақтадым.
768,effect,The businessman's credit card got declined.,He wrote an IOU.,He paid with cash.,2,Кәсіпкердің несие картасы төмендеді.,Ол Йу жазды.,Ол қолма-қол ақшамен төлеген.
769,cause,The man cursed.,He clipped his nails.,He stubbed his toe.,2,Ер адам қарғыс айтты.,Ол тырнақтарын қиды.,Ол саусақтарын қыстырды.
770,cause,The man felt proud of his brother.,His brother got in an argument with their parents.,His brother got accepted into law school.,2,Ер адам өз ағасын мақтан тұтты.,Оның ағасы ата-аналарымен келісіп алды.,Оның ағасы заң мектебіне қабылданды.
771,effect,The girl wanted to learn about the solar system.,She went to the library.,She looked at the stars.,1,Қыз күн жүйесі туралы білгісі келді.,Кітапханаға барды.,Ол жұлдыздарға қарады.
772,cause,The poster stuck to the wall.,I positioned the poster above the door.,I put tape on the back of the poster.,2,Постер қабырғаға жабысып қалды.,Мен есіктің үстіндегі плакатты орналастырдым.,Мен постердің артына таспаны қойдым.
773,effect,The client approved the architect's plans for the building.,The architect constructed the building.,The architect adjusted the plans.,1,Клиент сәулетшінің ғимарат жоспарларын бекітті.,Сәулетші ғимаратты салды.,Сәулетші жоспарларды реттеді.
774,cause,The man dropped his spoon.,His hand was shaking.,He licked the spoon.,1,Ер адам қасығын тастады.,Оның қолы дірілдеп тұрды.,Ол қасықты жалап алды.
775,effect,The CEO of the company resigned.,The board of directors dissolved the company.,The board of directors found his replacement.,2,Компанияның бас директоры отставкаға кетті.,Директорлар кеңесі компанияны таратады.,Директорлар кеңесі оның орнын толтыруды тапты.
776,effect,I arrived late to the lecture.,I took a seat in the back row.,I approached the podium.,1,Мен дәріске кешігіп келдім.,Мен артқы қатарға отырдым.,Мен подиумға жүгіндім.
777,cause,The man was released from jail.,His family paid his bail.,He attacked a fellow inmate.,1,Ер адам түрмеден босатылды.,Оның отбасы кепілдік төледі.,Ол сотталушыға шабуыл жасады.
778,cause,The family lost all their belongings.,They sold their house.,Their house caught fire.,2,Отбасы барлық заттарын жоғалтты.,Олар үйлерін сатты.,Олардың үйі өртенді.
779,effect,I stomped on the aluminum can.,The can was recycled.,The can got crushed.,2,Мен алюминийге жиналдым.,Қайта өңделді.,Ұсақталған болуы мүмкін.
780,effect,The girl joined the debate team.,She learned to use a computer.,She learned communication skills.,2,Қыз дәрігер құрамына кірді.,Ол компьютерді қолдануды үйренді.,Ол қарым-қатынас дағдыларын үйренді.
781,cause,My mood improved.,I listened to music.,I did the dishes.,1,Менің көңіл-күйім жақсарды.,Мен музыка тыңдадым.,Мен ыдыстарды жасадым.
782,effect,The charity made a goal to raise money.,They fed the homeless.,They held an auction.,2,Қайырымдылық ақша жинауды мақсат етті.,Олар үйсіздерді тамақтандырды.,Олар аукцион өткізді.
783,effect,The roller coaster plunged down the steep drop.,The passengers giggled.,The passengers screamed.,2,Роликтің коэффициенті тік тамшыдан құлады.,Жолаушылар ұрылды.,Жолаушылар айқайлады.
784,effect,I was furious.,I checked the mailbox upon leaving the house.,I slammed the door upon leaving the house.,2,Мен ашуландым.,Мен үйден шыққан кезде пошта жәшігін тексердім.,Мен үйден шыққаннан кейін есікті ұрдым.
785,effect,The man wanted to watch the sunrise.,He travelled north.,He got up early.,2,Ер адам күннің шығуын көргісі келді.,Солтүстікке саяхаттады.,Ол ерте тұрды.
786,effect,I folded the paper.,I recycled the paper.,The paper creased.,2,Мен қағазды жинадым.,Мен қағазды қайта өңдедім.,Қағаз қыдырды.
787,effect,The nation endured a natural disaster.,Leaders of other countries formed an alliance.,Leaders of other countries sent emergency relief.,2,Ұлт табиғи апатқа төтеп берді.,Басқа елдердің көшбасшылары одақ құрды.,Басқа елдердің көшбасшылары апаттық көмек жіберді.
788,cause,The boy's clothes got soaked.,He climbed out of the pool.,He fell into the pool.,2,Баланың киімдері малынған.,Ол бассейннен шығып кетті.,Ол бассейнге құлады.
789,cause,The student rushed to finish the book.,It was due to be returned to the library.,He borrowed it from a friend.,1,Студент кітапты аяқтауға асықты.,Кітапханаға қайтарылу керек еді.,Ол оны досымнан алды.
790,cause,The criminal was executed.,He was thrown in jail.,He was convicted of murder.,2,Қылмыскер орындалды.,Ол түрмеде лақтырылды.,Ол кісі өлтіруге сотталды.
791,cause,Sunlight entered the room.,I opened the curtains.,I unlocked the door.,1,Күн сәулесі бөлмеге кірді.,Мен перделерді аштым.,Мен есікті аштым.
792,effect,I yanked the imposter's hair.,Her wig came off.,She went bald.,1,Мен имоционалды шашты байладым.,Оның париктері сөніп қалды.,Ол таз болды.
793,cause,The editor reworded a sentence in the manuscript.,He found the manuscript compelling.,He deemed the sentence unclear.,2,Редактор қолжазбадағы сөйлемді қайта жазды.,Ол қолжазбаны тапты.,Ол сөйлемді түсініксіз деп санады.
794,cause,The woman cancelled her credit card account.,She realized the card was missing.,She realized the card was expired.,1,Әйел несие картасының шотын алып тастады.,Ол картаны жоқ деп түсінді.,Ол карточканы іске асырғанын түсінді.
795,effect,The man and woman fell in love.,They attended college.,They got married.,2,Ер адам мен әйел ғашық болды.,Олар колледжге қатысты.,Олар үйленді.
796,effect,The music was too faint to hear.,I turned up the volume.,I composed my own song.,1,Музыка тыңдауға тым естілді.,Мен көлемді бұрдым.,Мен өзімнің әнімді жаздым.
797,cause,The boy's hair was sticking up.,The girl ruffled it.,The girl pulled it.,1,Бала шаштары жабысып тұрды.,Қыз оны ұрды.,Қыз оны тартып алды.
798,cause,The bug got squashed.,I sprayed myself with bug repellent.,I stepped on the bug.,2,Қате қысылды.,Мен өзімді қателестім.,Мен қатеге тоқтаттым.
799,cause,I opened my eyes.,I woke up.,I relaxed.,1,Мен көзімді аштым.,Мен ояндым.,Мен босаңсым.
800,effect,My neighbor's music was blaring.,I asked him to turn it down.,I asked to borrow the CD from him.,1,Менің көршімнің музыкасы жарылды.,Мен одан оны бұруды өтіндім.,Мен одан CD-ді одан қарыз алуды өтіндім.
801,cause,The man's family lived in poverty.,He was frugal with his earnings.,He earned below minimum wage.,2,Ер адамның отбасы кедейлікте тұрды.,Ол өзінің табысымен айналысқан.,Ол ең төменгі жалақыдан төмен түскен.
802,effect,The student graduated from the university.,He looked for a job.,He took up a hobby.,1,Студент университетті бітірді.,Ол жұмыс іздеді.,Ол хобби алды.
803,effect,The artist mixed yellow paint into blue paint.,The paint splattered everywhere.,The paint turned green.,2,Суретші сары бояуды көк бояуға араластырды.,Бояу барлық жерде шашыратылды.,Бояу жасыл түсті.
804,cause,I changed the topic of conversation.,I ran out of things to talk about.,The conversation became tense.,2,Мен сөйлесу тақырыбын өзгерттім.,Мен сөйлесу үшін заттардан жүгірдім.,Әңгіме шиеленісті болды.
805,effect,My brother was released from the hospital.,I welcomed him back home.,I gave him the cold shoulder.,1,Менің ағам ауруханадан босатылды.,Мен оны үйге қайттым.,Мен оған суық иықты бердім.
806,effect,The curtain on the stage went up.,The opening scene of the play began.,The actors in the play exited the stage.,1,Сахнадағы перде көтерілді.,Ойынның ашылу көрінісі басталды.,Пьесадағы актерлер сахнадан шықты.
807,cause,The hostage submitted to the kidnapper's mandates.,The kidnapper threatened to hurt the hostage.,The kidnapper left the hostage by himself.,1,Кептегер ұрлаушының мандаттарына ұсынылды.,Кидраппер барымтаға зиян тигізді деп қорқытты.,Бауырлас адамгерді өзі тастап кетті.
808,cause,A boom reverberated across the stage.,The musician tapped his foot.,The musician pounded the drum.,2,Сахнада бум қайтып келді.,Музыкант аяғын ұстады.,Музыкант барабанды ұрды.
809,cause,The parents rushed to their child's bedroom.,The child awoke screaming from a nightmare.,The child was scared to look under her bed.,1,Ата-аналар балаларының жатын бөлмесіне қарай бет алды.,Бала қорқыныштан айқайлады.,Бала төсегінің астына қарады.
810,cause,The woman communicated with sign language.,She was born premature.,She was born deaf.,2,Әйел ым тілімен сөйлесті.,Ол шала туған.,Ол саңырау болып дүниеге келді.
811,effect,A drought occurred in the region.,The water became contaminated.,The crops perished.,2,Құрғақшылық аймақта болды.,Су ластанған.,Дақылдар қайтыс болды.
812,effect,The cat chased the bird.,The bird flew away.,The bird caught a worm.,1,Мысық құсты қуып жіберді.,Құс ұшып кетті.,Құс құрт ұстады.
813,cause,The girl switched schools.,School let out for the summer.,She moved to a new town.,2,Қыз мектептерді ауыстырды.,Мектеп жаз бойы шығарылды.,Ол жаңа қалаға көшті.
814,effect,The factory owner refused to raise employees' wages.,The owner appointed a new manager.,The employees went on strike.,2,Зауыттың иесі қызметкерлердің жалақысын көтеруден бас тартты.,Иесі жаңа менеджер тағайындады.,Қызметкерлер ереуілге шықты.
815,effect,The leader antagonized the extremists among his country.,The extremists influenced him.,The extremists assassinated him.,2,Көшбасшы өз елінің ішіндегі экстремистерді қарсы алды.,Оған экстремистер әсер етті.,Экстремистер оны өлтірді.
816,effect,I walked barefoot on the beach.,Sand stuck to my feet.,Waves crashed along the shore.,1,Мен жағажайда жалаң аяқ жүрдім.,Құм аяқтарыма жабысып қалды.,Толқындар жағалауда құлады.
817,effect,I woke up in the middle of the night feeling cold.,I put sweatpants on.,I drank a glass of water.,1,Мен түн ортасында мен суық сезінемін.,Мен шелектерді қостым.,Мен бір стакан су ішемін.
818,cause,The mother hushed her son.,Her son smirked.,Her son whined.,2,Анасы ұлын таң қалдырды.,Оның баласы күлді.,Оның ұлы есімді.
819,cause,A hole ripped in my jeans.,I zipped up the jeans.,I tripped on the pavement.,2,Менің джинсымда тесік жейді.,Мен джинсы бардым.,Мен төсемге бардым.
820,effect,The boy wore braces.,He got a cavity.,His teeth became straight.,2,Бала жақшалар киді.,Оның қуысы бар.,Оның тістері түзу болды.
821,effect,I worked out at the gym yesterday.,I woke up today with sore muscles.,I woke up today with a sore throat.,1,Кеше спортзалда жаттығу жасадым.,Мен бүгін бұлшықеттермен ояндым.,Мен бүгін жұлдырумен ояндым.
822,effect,The girl whispered back and forth to each other at the lunch table.,Other students sat down at the lunch table.,Other students at the lunch table felt left out.,2,Қыздар түскі ас үстелінде бір-біріне дейін сыбырлады.,Басқа студенттер түскі ас үстеліне отырды.,Түскі ас үстеліндегі басқа студенттер қалды.
823,effect,The child landed on the trampoline.,She sprung back up into the air.,She decided to try to do a flip.,1,Бала батутқа қонды.,Ол ауаға қайта оралды.,Ол флип жасауға тырысты.
824,effect,I deposited the letter in the mailbox.,The post office delivered the letter.,The post office expedited the letter.,1,Мен хатты пошта жәшігіне орналастырдым.,Хатта пошта бөлімшесі жеткізілді.,Хатта пошта бөлімшесі кірістірілген.
825,effect,The gambler was confident.,He bet all of his money.,He went home broke.,1,Құмар ойыншы сенімді болды.,Ол барлық ақшасын салған.,Үйге кетті.
826,cause,The forest fire spread.,The winds became stronger.,The arsonists were apprehended.,1,Орман өрт сөндірілді.,Желдер күшейе түсті.,Арсонистер ұсталды.
827,effect,The child skinned his knee.,His mother sent him to his room.,His mother put a bandage on the wound.,2,Бала оның тізесін теріп алды.,Анасы оны бөлмесіне жіберді.,Анасы жараға таңғыш қойды.
828,cause,The man survived the deadly illness.,He signed his will.,He received an organ transplant.,2,Ер адам өлімге әкелді.,Ол өз еркін қол қойды.,Ол органмен трансплантация алды.
829,effect,I took a sip of the scalding coffee.,I bit my tongue.,I burnt my tongue.,2,Мен масштабты кофе ішкенмін.,Мен тілімді қатты білемін.,Мен өз тілімді өрттім.
830,cause,The editor fired the writer.,The writer avoided bias in her stories.,The writer missed an important deadline.,2,Редактор жазушыны оқтады.,Жазушы өзінің әңгімелеріндегі жағымсыздықтардан аулақ болды.,Жазушы маңызды мерзімге жіберіп алды.
831,cause,I felt exhausted.,I slept all day.,I studied all day.,2,Мен шаршадым.,Мен күні бойы ұйықтадым.,Мен күні бойы оқыдым.
832,cause,The physician diagnosed the patient.,She identified the patient's symptoms.,She prescribed pills to the patient.,1,Дәрігер науқасты анықтады.,Ол науқастың симптомдарын анықтады.,Ол науқасқа таблетка тағайындады.
833,cause,I scratched my skin.,It was sweaty.,It felt itchy.,2,Мен терімді тырнап алдым.,Ол терлей еді.,Ол қышынғанын сезді.
834,cause,The man underwent emergency surgery.,He lost his temper.,He suffered a heart attack.,2,Ер адам шұғыл хирургиядан өтті.,Ол өзінің мінезінен айырылды.,Ол инфаркқа шабуыл жасады.
835,cause,The man's arm muscles bulged.,He flexed his arms.,He rubbed his arms.,1,Ер адамның қолың бұлшықеттері бітеді.,Ол қолдарын икемеді.,Ол қолдарын сүртті.
836,cause,The man raised his eyebrows.,He was surprised.,He felt discouraged.,1,Ер адам қастарын көтерді.,Ол таң қалды.,Ол ұнжырғасы түскенін сезді.
837,cause,I excused my colleague's blunder.,I believed his intentions were good.,I believed that he knew better.,1,Мен әріптесімнің қателігін кешірдім.,Оның ниеті жақсы болды деп сендім.,Мен ол жақсырақ білді деп сендім.
838,effect,The man quit smoking.,He began exercising more.,He started waking up earlier.,1,Адам темекі шегуге кетеді.,Ол көбірек жаттығуды бастады.,Ол ертерек оян бастады.
839,effect,The woman punched her attacker in the nose.,The attacker's body went lifeless.,The attacker started to bleed.,2,Әйел оның шабуылдаушысын мұрынға ұрды.,Шабуылдаушының денесі жансыз болды.,Шабуылшы қан кете бастады.
840,cause,The dart missed the bull's eye.,The man's aim was off.,The man was losing the game.,1,Дарт Булдың көзін сағынды.,Ер адамның мақсаты өшірілген.,Ер адам ойыннан айырылды.
841,cause,The homeowner requested that an exterminator come to his house.,He discovered rats in the basement.,He kept an ant farm in his room.,1,Үй иесі экстрематордың үйіне келгенін сұрады.,Ол жертөледе егеуқұйрықтарды тапты.,Ол өз бөлмесінде құмырсқа фермасын сақтады.
842,cause,I suggested to my houseguest that we go out to dinner.,I was too tired to prepare anything.,My houseguest overstayed her welcome.,1,Мен үйге кешкі асқа шығатынымызды ұсындым.,Мен ештеңе дайындаудан шаршадым.,Менің үйім оның қош келдіңіздер.
843,effect,The girl caught her brother reading her diary.,She started hiding the diary.,She got a new diary.,1,Қыз ағасын өзінің күнделігін оқып берді.,Ол күнделігін жасыра бастады.,Ол жаңа күнделікке ие болды.
844,effect,The woman was short on money for rent.,She worked overtime.,She quit her job.,1,Әйел жалға алу үшін ақша көп болды.,Ол үстеме жұмыс жасады.,Ол жұмыстан кетеді.
845,cause,The child's hand quickly recoiled.,He touched the hot stove.,He patted the puppy's head.,1,Баланың қолы тез қайтып оралды.,Ол ыстық пешке тиді.,Ол күшіктің басын қойды.
846,effect,The company wanted to gauge customer satisfaction.,They offered a discount to new customers.,They distributed a survey to customers.,2,Компания тұтынушылардың қанағаттанушылығын өлшеп алғысы келді.,Олар жаңа клиенттерге жеңілдік ұсынды.,Олар сауалнаманы клиенттерге таратты.
847,cause,The wood floor became scratched.,The boy threw the cushions off the couch.,The boy dragged a chair across the floor.,2,Ағаш едені тырналды.,Бала диваннан жастықшаларды лақтырды.,Бала орындықты еденге сүйреп апарды.
848,cause,I shielded my face.,My enemy taunted me.,My enemy cocked a fist.,2,Мен бетімді қорғадым.,Менің жауым мені мазалайды.,Менің жауым жұдырықты ұрды.
849,cause,The famous statue burned down.,It was struck by lightning.,People came to venerate it.,1,Әйгілі мүсін өртенді.,Ол найзағайдан ұрды.,Адамдар оны мазалайды.
850,effect,I left the fruit out on the table.,The fruit shed seeds.,Flies swarmed the fruit.,2,Мен жемісті үстелге қалдырдым.,Жеміс тұқымдарын төгіп тастады.,Аяқтар жемістерді жеді.
851,cause,The ballerina tore a ligament.,She pointed her toes.,She twisted her ankle.,2,Балерина байламды жыртып тастады.,Ол саусақтарын атап өтті.,Ол оның білегін бұрап алды.
852,cause,The child's shoelaces came untied.,He learned how to tie them.,He ran around on the playground.,2,Баланың аяқ киімдері бұғатталды.,Ол оларды қалай байлауды үйренді.,Ол ойын алаңында жүгірді.
853,effect,I became enthralled in the book.,I returned the book.,I lost track of time.,2,Кітапта мен кіре алдым.,Мен кітапты қайттым.,Мен уақытты жоғалтып алдым.
854,cause,The man held similar beliefs to those of his parents.,His parents influenced him.,His parents disowned him.,1,Ер адам осындай сенімдерді ата-аналарына ұстады.,Оның ата-анасы оған әсер етті.,Ата-анасы оны тастап кетті.
855,cause,The car gradually slowed to a stop.,It ran out of gas.,The driver fell asleep.,1,Автокөлік біртіндеп тоқтады.,Ол газдан шығып кетті.,Жүргізуші ұйықтап қалды.
856,effect,The man ate the ice cream in the sun.,The ice cream lost its flavor.,The ice cream dripped from the cone.,2,Ер адам балмұздаққа күн батады.,Балмұздақ хош иісі жоғалды.,Балмұздақ конустың ішінен сүртілген.
857,cause,I hung artwork in the room.,The carpet looked dirty.,The walls looked bare.,2,Мен бөлмеде өнер туындыларын іліп қойдым.,Кілем лас болып көрінді.,Қабырғалар жалаңаш көрінді.
858,cause,I left work early.,I had a headache.,My boss held a meeting.,1,Мен жұмыстан ерте кетіп қалдым.,Менде бас ауруы болды.,Менің бастығым жиналыс өткізді.
859,effect,The puppy soiled the carpet.,The owner scolded the puppy.,The owner gave the puppy a treat.,1,Күшік кілемді лақтырды.,Иесі күшікті ұрды.,Иесі күшікке ем болды.
860,effect,I apologized to my friend.,My friend forgave me.,My friend became infuriated.,1,Мен досымнан кешірім сұрадым.,Менің досым мені кешірді.,Менің досым ауырды.
861,cause,The man stood out in the crowd.,He carried a backpack.,He wore a neon vest.,2,Адам көпшіліктің үстінде тұрды.,Ол рюкзакты өткізді.,Ол неон саңырауқұлақтарын киді.
862,effect,The witness lied under oath.,He completed his testimony.,He was charged with perjury.,2,Куәгерлер ант берді.,Ол өзінің айғақтарын аяқтады.,Оған Перцюри айып тағылды.
863,cause,The woman dyed her hair.,She wanted a new look.,She wanted to blend in.,1,Әйел шашын бояды.,Ол жаңа көрініс алғысы келді.,Ол араласқысы келді.
864,effect,The immigrants were caught illegally residing in the country.,They found employment.,They were deported.,2,Иммигранттар елде заңсыз тұрғылықты.,Олар жұмысқа орналасты.,Олар жер аударылды.
865,effect,The public speaker cracked a joke.,The audience laughed.,The audience stood up.,1,Мемлекеттік спикер әзілді сындырды.,Көрермендер күлді.,Көрермендер тұрды.
866,effect,I looked into the sun.,The sun blinded me.,The sun tanned my skin.,1,Мен күнді қарадым.,Күн мені соқырдан алды.,Күн менің терімді таң қалдырды.
867,effect,I felt bored.,I snorted.,I yawned.,2,Мен қатты ренжідім.,Мен жұлып алдым.,Мен жүгірдім.
868,cause,The steak was difficult to cut.,The knife was dull.,The steak was raw.,1,Стейкті кесу қиын болды.,Пышақ түтіккен.,Стейк шикі болды.
869,cause,The woman declared bankruptcy.,She received alimony payment.,She acquired massive debt.,2,Әйел банкроттықты жариялады.,Ол алимент төлеуді алды.,Ол жаппай қарызға ие болды.
870,effect,The lights in my friend's apartment were on.,I wondered if he was out.,I decided to pay him a visit.,2,Менің досымның пәтеріндегі шамдар жанданды.,Мен оның шықпағанын ойладым.,Мен оған сапармен төлеуді ұйғардым.
871,effect,I put the flower under my nose.,The petals came off the flower.,I picked up the flower's scent.,2,Мен гүлді мұрнымның астына қойдым.,Жапырақшалар гүлден шықты.,Мен гүлдің иістігін алдым.
872,cause,The woman felt nostalgic.,She ran into a childhood friend.,She yelled at her children.,1,Әйел ностальгиялық сезінді.,Ол балалық досқа жүгірді.,Ол балаларына айқайлады.
873,effect,The student procrastinated on the paper.,He submitted the paper early.,He submitted the paper incomplete.,2,Студент қағазға жиналды.,Ол қағазды ертерек тапсырды.,Ол қағазды толық емес тапсырды.
874,effect,My car broke down.,I went to the mall.,I called a mechanic.,2,Менің көлігім бұзылды.,Мен сауда орталығына бардым.,Мен механик деп атадым.
875,cause,I discarded the note.,It was anonymous.,It was illegible.,2,Мен жазбаны тастадым.,Бұл анонимді болды.,Бұл заңсыз болды.
876,effect,The bird flapped its wings.,It laid eggs.,It ascended upwards.,2,Құс қанаттарын түсірді.,Ол жұмыртқа салды.,Ол жоғары көтерілді.
877,cause,I parked in the driveway.,The garage was open.,The garage was full.,2,Мен жолда тұрдым.,Гараж ашық болды.,Гараж толы болды.
878,effect,The criminal aimed the gun at his victim.,The criminal put down the gun.,The victim put his hands up.,2,Қылмыскер зеңбірекке оның жәбірленушесіне бағытталған.,Қылмыскер зеңбірек түсірді.,Жәбірленуші қолын созды.
879,cause,I looked forward to the weekend.,I planned to attend my uncle's funeral.,I planned to attend my friend's wedding.,2,Мен демалыс күндерін асыға күттім.,Мен ағам жерлеу рәсіміне баруды жоспарладым.,Мен досымның үйленуіне баруды жоспарладым.
880,cause,I lost track of time.,I was daydreaming.,I was nauseous.,1,Мен уақытты жоғалтып алдым.,Мен армандадым.,Мен жүрек айы болдым.
881,cause,The document printed out illegibly.,The printer was low on ink.,The print was out of paper.,1,Құжат заңсыз басып шығарылды.,Принтер сия аз болды.,Басып шығару қағаздан тыс қалды.
882,effect,The stadium played the national anthem.,The fans turned to the flag.,The fans rushed the field.,1,Стадион ұлттық әнұранды ойнады.,Жанкүйерлер жалаушаға бұрылды.,Жанкүйерлер далаға асықты.
883,effect,The dip tasted bland.,I served it.,I put salt in it.,2,Дәмді бланк.,Мен оны қызмет еттім.,Мен оған тұз қойдым.
884,effect,I set the paper towel on the spill.,The towel absorbed the liquid.,The spill left a sticky residue.,1,Мен қағаз сүлгімен төгілген жерге қойдым.,Сүлгімен сұйықтықты сіңірді.,Төгілуі жабысқақ қалдық қалдырды.
885,effect,The woman was interrupted in the midst of reading her book.,She bookmarked her page.,She reread the book.,1,Әйел кітапты оқу ортасында үзілді.,Ол өз парағын белгілеген.,Ол кітапты қайта қарайды.
886,effect,The plane hit some turbulence.,The man tightened his seatbelt.,The man looked out the window.,1,Ұшақ біршама турбуленттілікке ұшырады.,Ер адам қауіпсіздік белдігін қатайтты.,Ер адам терезеден қарады.
887,cause,The boy flinched.,The girl ignored him.,The girl poked him.,2,Бала қамырылды.,Қыз оны елемеді.,Қыз оны мазалады.
888,cause,The doctors gave the patient an artificial limb.,They amputated her leg.,They monitored her vitals.,1,Дәрігерлер науқасқа жасанды аяқ берді.,Олар аяғын кесіп өлтірді.,Олар оның өмірлік маңызды екенін бақылап отырды.
889,effect,The boy pinched the girl's elbow.,She shrugged her shoulders at him.,She jerked her arm away from him.,2,Бала қыздың шынтасын қысып алды.,Ол оның иықтарын қысып жіберді.,Ол оның қолынан алыстады.
890,cause,I asked my friend for advice.,I valued his opinion.,I knew I was right.,1,Мен досымнан кеңес сұрадым.,Мен оның пікірін бағаладым.,Менің дұрыс екенімді білдім.
891,effect,The boy stepped in mud.,The mud stuck to his shoes.,The mud hit him in the face.,1,Бала балшыққа кірді.,Балшық аяқ киіміне жабысып қалды.,Балшық оны бетіне тигізді.
892,effect,The town received several inches of snow.,Schools shut down.,People hid underground.,1,Қала бірнеше дюйм қарын алды.,Мектептер жабылды.,Адамдар жер астында жасырды.
893,effect,The employee's shift ended.,He went home for the day.,He threatened to quit the job.,1,Қызметкердің ауысымы аяқталды.,Ол үйге кетті.,Ол жұмыстан кетуге қорқытты.
894,cause,The tree damaged the house.,The tree fell onto the roof.,The tree shaded the backyard.,1,Ағаш үйге зардап шекті.,Ағаш төбеге құлады.,Ағаш ауланы көлеңкеледі.
895,cause,The wood split in half.,I stacked the wood in the fireplace.,I swung the axe down to the wood.,2,Ағаштың жартысында бөлінген.,Мен ағашты каминге қостым.,Мен балтаны ағашқа бұрамын.
896,cause,The family congratulated the couple.,The couple announced that they were separating.,The couple announced that they were having a baby.,2,Отбасы жұпты құттықтады.,Ерлі-зайыптылар бөлетіндерін жариялады.,Ерлі-зайыптылар олардың балалы болғанын мәлімдеді.
897,cause,The girl sent the boy a valentine.,She liked him.,She kissed him.,1,Қыз баланы Валентинді жіберді.,Ол оған ұнады.,Ол оны сүйді.
898,cause,I nodded my head at my friend's statement.,I was confused.,I agreed with him.,2,Мен менің досымның сөзінде басымды тастадым.,Мені шатастырды.,Мен онымен келістім.
899,cause,The friends flipped a coin.,They wanted to find a compromise.,They wanted to make a fair decision.,2,Достар монетаны қамқтырып алды.,Олар ымыраға келгісі келді.,Олар әділ шешім қабылдағысы келді.
900,effect,The timer in the kitchen went off.,The man unloaded the groceries into the refrigerator.,The man took the pizza out of the oven.,2,Ас үйдегі таймер кетті.,Ер адам тағамдарды тоңазытқышқа түсірді.,Ер адам пиццаны пештен шығарды.
901,effect,The woman set an ambitious goal.,She slacked off.,She worked hard.,2,Әйел өршіл мақсат қойды.,Ол құлады.,Ол көп жұмыс жасады.
902,effect,The wealthy man died of old age.,His son got into legal trouble.,His son inherited his fortune.,2,Бай адам қарттықтан қайтыс болды.,Оның баласы заңды қиындыққа тап болды.,Оның ұлы өзінің байлығын мұра етті.
903,effect,The woman stomped on the flames.,The flames went out.,Smoke arose from the flames.,1,Әйел жалынға түсті.,Жалын шықты.,Түтін оттан пайда болды.
904,cause,The woman's car was in the shop.,Her driver's license was revoked.,She got in a car accident.,2,Әйелдің көлігі дүкенде болды.,Оның жүргізуші куәлігі қайтарып алынды.,Ол көлік апатына ұшырады.
905,effect,I slept through my alarm.,I made breakfast.,I missed breakfast.,2,Мен дабылдан бері ұйықтадым.,Мен таңғы ас жасадым.,Мен таңғы асты сағындым.
906,effect,The public figure got out of the limousine.,Cameras flashed in his direction.,His family attended the press conference.,1,Қоғам қайраткері лимузиннен шықты.,Камералар оның бағытында жыпылықтады.,Оның отбасы баспасөз конференциясына қатысты.
907,effect,The woman lingered in the bathtub.,The bathwater became lukewarm.,The bathwater drained out of the tub.,1,Әйел ваннада созылды.,Бат сулары жылы болды.,Ванна суы ваннадан шығарылды.
908,effect,The college student wanted to meet other students on campus.,He joined a fraternity.,He majored in engineering.,1,Колледж студенті қалашықтағы басқа студенттермен кездескісі келді.,Ол бауырластыққа қосылды.,Ол инженерлік мамандыққа ие болды.
909,cause,I lifted up the couch cushions.,I was looking for loose change.,I was rearranging the living room.,1,Мен диванның жастықшаларын көтердім.,Мен борпылдақ өзгердім.,Мен қонақ бөлмесін қайта құрдым.
910,effect,The wasp flew towards the boy.,The boy ran away.,The boy picked a flower.,1,Варп балаға қарай ұшып кетті.,Бала қашып кетті.,Бала гүл алды.
911,effect,The woman was found guilty of a misdemeanor.,She was sentenced to perform community service.,She was put on death row.,1,Әйелдің кінәсі үшін кінәлі деп тапты.,Ол қауымдастық қызметіне жіберілді.,Ол өлім қатарына қойылды.
912,effect,I stirred the sugar into the hot tea.,The tea steamed.,The sugar dissolved.,2,Мен қантты ыстық шайға араластырдым.,Шай буланған.,Қант еріген.
913,cause,The veteran walked with a limp.,He was drafted for the war.,He was injured in battle.,2,Ардагер аяғымен жүрді.,Ол соғыс үшін дайындалған.,Ол шайқаста жарақат алды.
914,effect,The criminal ran away from the police.,The police attended to the victim.,The police chased the criminal.,2,Қылмыстық қылмыс полициядан қашып кетті.,Полиция жәбірленушіге қатысты.,Полиция қылмыскерді қуады.
915,cause,The laptop wouldn't turn on.,I dropped it.,I charged it.,1,Ноутбук қосылмайды.,Мен оны тастадым.,Мен оны айыптадым.
916,cause,The woman ran out of room in her closet.,She acquired an extensive wardrobe.,She folded her laundry.,1,Әйел шкафта бөлмеден қашып кетті.,Ол кең гардероб сатып алды.,Ол кірді бүктірді.
917,cause,The man was heartbroken.,His wife gave birth.,His wife left him.,2,Ер адам жүрегі болды.,Әйелі дүниеге келді.,Әйелі оны тастап кетті.
918,effect,The man obtained a degree.,He became qualified for the job he wanted.,His job offer was rescinded.,1,Ер адам дәреже алды.,Ол өз қалаған жұмысқа лайықты болды.,Оның жұмысы туралы ұсыныс шығарылды.
919,cause,The man's voice projected clearly throughout the auditorium.,He greeted the audience.,He spoke into the microphone.,2,Адам дауысы барлық аудиторияда нақты болжалды.,Ол көрермендерді қарсы алды.,Ол микрофонмен сөйлесті.
920,effect,I tossed a coin into the fountain of water.,The coin sunk to the bottom.,The coin broke in half.,1,Мен судың субұрқағына тиынды лақтырып жібердім.,Монета түбіне батып кетті.,Монета жартысында сынды.
921,effect,The player hit the ball toward the hole.,The ball went in the hole.,The ball retreated back to the player.,1,Ойыншы допты тесікке қарай қағып кетті.,Доп тесікке кетті.,Доп ойыншыға шегінді.
922,effect,I breathed in the dust in the attic.,I hiccupped.,I sneezed.,2,Мен шатырда топырақпен дем алып тұрмын.,Мен хикуляцияландым.,Мен түсіндім.
923,cause,The store cashier called security.,The customer used counterfeit money.,The customer left his headlights on.,1,Дүкен кассирі қауіпсіздік деп атады.,Тапсырыс беруші жалған ақша қолданған.,Тапсырыс беруші фараларды үстіне қалдырды.
924,cause,I took the garbage out.,The garbage made the kitchen smell bad.,I accidentally threw away my shopping list.,1,Мен қоқысты шығардым.,Қоқыс ас үйдің иісін етті.,Мен кездейсоқ сауда тізімімді тастадым.
925,effect,The family went to the zoo.,The children admired the animals.,The children chased the animals.,1,Отбасы хайуанаттар бағына кетті.,Балалар жануарларды таң қалдырды.,Балалар жануарларды қуып жіберді.
926,cause,The man's breathing was loud.,His kidneys were failing.,His lungs were congested.,2,Адамның тынысы қатты болды.,Оның бүйрегі сәтсіз болды.,Оның өкпесі жиналды.
927,effect,I had an extra ticket for the concert.,I asked my friend for directions to the venue.,I asked my friend if he was interested in going.,2,Концертке қосымша билет болды.,Мен досымнан орынға бағыттарды сұрадым.,"Мен досымнан бара жатса, мен сұрадым."
928,effect,The air conditioner in the house broke.,I brought out blankets.,I opened the windows.,2,Үйдегі кондиционер жарылды.,Мен көрпе алып тастадым.,Мен терезелерді аштым.
929,cause,The boy's back ached.,His backpack was open.,His backpack was heavy.,2,Бала арқасы ауырды.,Оның рюкзакы ашық болды.,Оның рюкзакы ауыр болды.
930,cause,I bought my mother a present.,I baked her a cake.,It was her birthday.,2,Мен анамнан сыйлық сатып алдым.,Мен оны тортты пісірдім.,Бұл оның туған күні еді.
931,cause,The daffodils in the garden were destroyed.,A bee stung the gardener.,Squirrels dug up the bulbs.,2,Бақшадағы даффилдер жойылды.,Ара бағбаншін қаптады.,Қабыршықтар шамдарды қазды.
932,effect,I struck the match.,The flame faded out.,The match produced a flame.,2,Мен матчты ұрдым.,Жалын өшеді.,Матч жалын шығарды.
933,cause,The disputing parties reached a settlement.,They didn't want to debate in court.,They wanted to repair their personal relationship.,1,Даулы тараптар есеп айырысуға жетті.,Олар сотта пікірталасқысы келмеді.,Олар өздерінің жеке қарым-қатынасын жөндеділері келді.
934,cause,The children were sent to an orphanage.,Their parents died.,Their parents spoiled them.,1,Балалар балалар үйіне жіберілді.,Олардың ата-аналары қайтыс болды.,Олардың ата-аналары оларды бүлдірді.
935,effect,A meteorite landed in the ocean.,A tsunami occurred.,It began to hail.,1,Метеорит мұхитқа қонды.,Цунами болды.,Ол бұршақ бастады.
936,effect,The hiker encountered a poisonous snake.,She became dehydrated.,She panicked.,2,Хейкер улы жыланға тап болды.,Ол құрғатылды.,Ол үрейленді.
937,cause,The oven became hot.,I turned the oven on.,I put the dish in the oven.,1,Пеш ыстық болды.,Пешті бұрдым.,Мен тағамды пешке қойдым.
938,effect,I squeezed the lemon wedge.,The lemon got moldy.,The lemon squirted.,2,Мен лимон сымын сығып алдым.,Лимон көгерді.,Лимон қысылған.
939,effect,The country discovered new land.,The country abandoned the land.,The country colonized the land.,2,Ел жаңа жер тапты.,Ел жерден бас тартты.,Ел жерді отарлады.
940,effect,The glass toppled off the table.,It shattered all over the floor.,It landed in a pile of laundry.,1,Шыны үстелден құлады.,Ол еденнің бәрін сындырды.,Ол үйінді кір жууға қонды.
941,cause,The table wobbled.,The floor was uneven.,The floor was slippery.,1,Кесте.,Еден біркелкі болды.,Еден тайғақ болды.
942,effect,The father caught his son lying.,His son confessed the truth.,The father trusted his son.,1,Әкесі ұлының жатқанын ұстап алды.,Оның баласы шындықты мойындады.,Әкесі оның ұлына сенді.
943,effect,The man's head throbbed with pain.,He took cough syrup.,He took aspirin.,2,Ер адамның басы ауырсынумен ұрды.,Ол жөтел сиропын алды.,Ол аспиринді алды.
944,cause,The train slowed down.,It was approaching the station.,It was running behind schedule.,1,Пойыз баяулады.,Ол станцияға жақындады.,Ол кестеден артта қалды.
945,cause,The man went through therapy.,Mental illness ran in his family.,He was diagnosed with depression.,2,Ер адам терапиядан өтті.,Психикалық ауру отбасында жүгірді.,Оған депрессия диагнозы қойылды.
946,cause,The woman clutched her throat.,She swallowed her food.,She choked on her food.,2,Әйел оның тамағын ұстап алды.,Ол тамағын жұтып қойды.,Ол тамағын тұншықтырды.
947,effect,The woman had a sore throat.,Her voice sounded raspy.,She spoke with an accent.,1,Әйелдің тамағы ауырды.,Оның дауысы қатты дауыс берді.,Ол екпінмен сөйледі.
948,effect,The dog eyed the juicy steak on the table.,It drooled.,It laid down.,1,Ит үстелдегі шырынды стейкті көзге түсірді.,Ол құшақтады.,Ол төселді.
949,effect,The woman's business succeeded.,She fired her employees.,She became wealthy.,2,Әйелдің бизнесі сәтті өтті.,Ол өз қызметкерлерін атады.,Ол бай болды.
950,cause,The students exited the classroom.,The bell rang.,The teacher assigned homework.,1,Студенттер сыныптан шықты.,Қоңырау соғылды.,Мұғалім үй тапсырмасын қосты.
951,effect,The woman claimed she saw a ghost.,Her acquaintances expressed skepticism.,Her acquaintances related to her.,1,Әйел елес көргенін айтты.,Оның таныстары скептицизмді білдірді.,Оның онымен таныстары.
952,cause,The man lost his hearing.,He nearly drowned in the ocean.,He was nearly killed in an explosion.,2,Ер адам естігенін жоғалтты.,Ол мұхитта суға батып кетті.,Ол жарылыс кезінде өлтірілді.
953,effect,The child let go of the balloon string.,The balloon deflated.,The balloon rose into the air.,2,Бала шардың жолын жіберуге мүмкіндік береді.,Шарылды бұзды.,Шар ауаға көтерілді.
954,cause,The man lost his ability to speak.,He had a stroke.,He took a deep breath.,1,Ер адам сөйлеу қабілетін жоғалтты.,Оның инсульт болды.,Ол терең дем алды.
955,cause,The woman tripped on the sidewalk.,There was a crack in the cement.,She heard her name being called.,1,Әйел тротуарға тиген.,Цементте жарықшақ болды.,Ол оның есімін естіді.
956,effect,The man did a canon ball into the pool.,The lifeguard jumped in after him.,The man soaked the lifeguard.,2,Ер адам бассейнге канондық доп жасады.,Құтқарушы одан кейін секірді.,Ер адам құтқарушыға малынған.
957,effect,I took antibiotics.,My infection cleared up.,My infection spread.,1,Мен антибиотиктерді қабылдадым.,Менің инфекцияым жойылды.,Менің инфекцияым таралған.
958,effect,The traffic light turned yellow.,The driver pushed the brake.,The driver honked his horn.,1,Бағдаршам сары түсті.,Жүргізуші тежегішті итермеледі.,Жүргізуші оның мүйізін қолға алды.
959,cause,The plastic container melted.,I soaked the container in warm water.,I placed the container on the hot stove.,2,Пластикалық контейнер еріген.,Мен контейнерді жылы суға малынған.,Мен контейнерді ыстық пешке қойдым.
960,cause,The car got dented.,The driver hit a telephone pole.,The driver ran a red light.,1,Көлік ұрды.,Жүргізуші телефон полюсіне тиді.,Жүргізуші қызыл шамды басқарды.
961,effect,The boy studied all night.,He skipped the exam.,He passed the exam.,2,Бала түні бойы оқыды.,Емтиханды өткізіп жіберді.,Емтихан тапсырды.
962,cause,The young boy clung to the ledge of the pool.,He feared learning to swim.,The lifeguard was on duty.,1,Жас бала бассейннің жалынына жабысып қалды.,Ол жүзуді үйренді.,Құтқарушы кезекшілікте болды.
963,effect,I put my hand to my chest.,I felt my heartbeat.,My heart rate sped up.,1,Мен қолымды кеудемге қойдым.,Мен жүрегімді сезіндім.,Жүрегім қарқынмен қарады.
964,effect,The building adjacent to my office was under construction.,My office was crowded.,My office was noisy.,2,Менің кеңсемге іргелес ғимарат салынуда.,Менің кеңсем көп болды.,Менің кеңсем шулы болды.
965,effect,The family wanted to get to know their new neighbors.,The family invited the neighbors over for dinner.,The family waved to the neighbors from their yard.,1,Отбасы өздерінің жаңа көршілерімен танысқысы келді.,Отбасы көршілерді кешкі асқа шақырды.,Отбасы көршілеріне аулаларынан тұрды.
966,cause,Water splashed up from the pool.,The swimmer dove into the pool.,The swimmer floated in the pool.,1,Бассейннен су шашыралды.,Жүзуші бассейнге кіреді.,Жүзгіш бассейнде жүзді.
967,effect,I bit into a slice of watermelon.,I accidentally swallowed a seed.,I accidentally chipped my tooth.,1,Мен бір тілімдегі қарбызға айналамын.,Мен кездейсоқ тұқым жұтып қойдым.,Мен кездейсоқ тісімді сындырдым.
968,cause,The boy tripped.,His jacket was unzipped.,His shoelaces were untied.,2,Бала сүйді.,Оның курткасы ашылмаған.,Оның аяқ киімдері бұрыннан тұрды.
969,cause,The woman put earplugs in.,She was distracted by noise.,She got her ears pierced.,1,Әйел құлаққаптарды қойды.,Оны шу алаңдатты.,Ол құлағын тесіп алды.
970,cause,I refilled my water bottle.,I drank all the water in it.,I kept it in the fridge.,1,Мен су бөтелкемді толтырдым.,Мен ондағы барлық суды ішіп алдым.,Мен оны тоңазытқышта ұстадым.
971,cause,The television show was censored.,It contained vulgar language.,It had a complicated plot.,1,Теледидар шоу цензураланған.,Онда дөрекі тіл бар.,Оның күрделі сюжеті болды.
972,effect,The ship wrecked.,The crew drowned.,The crew encountered pirates.,1,Кеме бұзылды.,Экипаж суға батып кетті.,Экипаж қарақшылармен кездесті.
973,effect,The boy felt stumped by the riddle.,He solved the riddle.,He requested a hint.,2,Бала жұмбақтықтан арылып кетті.,Ол жұмбақты шешті.,Ол кеңес сұрады.
974,effect,The phone rang.,The man hung up the phone.,The man picked up the phone.,2,Телефон соғылды.,Адам телефонды іліп қойды.,Ер адам телефонды алды.
975,effect,The woman was staring at me.,I hugged her.,I felt uncomfortable.,2,Әйел маған қарап тұрды.,Мен оны құшақтадым.,Мен өзімді ыңғайсыз сезіндім.
976,cause,The group left the museum.,They took pictures of the exhibits.,They viewed all the exhibits.,2,Топ мұражайдан кетті.,Олар экспонаттарды суретке түсірді.,Олар барлық экспонаттарды қарады.
977,effect,The man started an argument with me.,My friend introduced me to the man.,My friend stood up for me.,2,Ер адам менімен дәлел бастады.,Менің досым мені ер адамға таныстырды.,Менің досым мен үшін тұрды.
978,effect,The tire on my bike was flat.,I pumped air into the tire.,I switched gears on the bike.,1,Менің велосипедімдегі шина жалпақ болды.,Мен ауаны шинаға жібердім.,Мен велосипедке редукторды ауыстырдым.
979,effect,The girl looked pale.,Her father read her a story.,Her father felt her forehead.,2,Қыз бозарған көрінді.,Әкесі оны оқиғаны оқыды.,Оның әкесі оның маңдайын сезінді.
980,effect,The pen ran out of ink.,I used a pencil.,I signed my name.,1,Қалам сия қалады.,Мен қарындашты қолдандым.,Мен өз атыма қол қойдым.
981,cause,The man was denied for a loan.,He was in debt.,He started a business.,1,Ер адамға несие берілмеді.,Ол қарыз болды.,Ол бизнесті бастады.
982,cause,The girl stayed home from school.,She had chicken pox.,She enjoyed learning math.,1,Қыз мектептен үйде қалды.,Ол тауық Ықшасы болды.,Ол математиканы үйренді.
983,effect,The trash bag was full.,I took it to the dumpster.,I dumped it down the sink.,1,Қоқыс сөмкесі толды.,Мен оны қоқыс тастадым.,Мен оны раковинадан шығардым.
984,cause,I vacuumed the carpet.,My roommate spilled punch.,My dog shed hair.,2,Мен кілемді сордым.,Менің көршім төгілді.,Менің итім шашты төгіп тастады.
985,effect,The man lost his temper.,He turned off his computer.,He threw a chair across the room.,2,Ер адам ашуландырды.,Ол компьютерін өшірді.,Бөлмеде орындықты лақтырып жіберді.
986,effect,The girl threw a twig into the campfire.,The twig burned.,The fire went out.,1,Қыз отқа бұтақты лақтырып жіберді.,Бұтақтар жанып кетті.,Өрт сөніп қалды.
987,cause,The man got out of the shower.,The hot water was gone.,He couldn't find a towel.,1,Ер адам душтан шықты.,Ыстық су кетті.,Ол сүлгіні таба алмады.
988,effect,The parents wanted their children to go to college.,They set aside a savings fund for tuition.,They encouraged their children to play outside.,1,Ата-аналар балаларының колледжге барғанын қалады.,Олар оқу үшін жинақ қорын қояды.,Олар балаларын сыртта ойнауға шақырды.
989,effect,The man unlaced his shoes.,The shoes loosened.,The shoes became worn.,1,Ер адам аяқ киімін ашты.,Аяқ киім босатылды.,Аяқ киім тозып кетті.
990,effect,The man ate half of the entree.,He refrigerated the leftovers.,He saved the recipe.,1,Ер адам кірушінің жартысын жеді.,Ол қалдықтарды тоңазытады.,Ол рецепт сақтады.
991,effect,My ankle was swollen.,I put ice on it.,I rubbed lotion on it.,1,Менің білегім ісінген.,Мен бұған мұз қойдым.,Мен лосьонды сүрттім.
992,effect,My office door was open.,I talked to my colleague at my desk.,I overheard the conversation in the hall.,2,Менің Office есігі ашық болды.,Мен әріптесіммен үстелімде сөйлестім.,Мен залда әңгімелеп отырмын.
993,effect,I had to wait in line.,I took a seat.,I skimmed a magazine.,2,Мен кезек күтуім керек еді.,Мен отырдым.,Мен журналды өткізіп жіберемін.
994,effect,The man swatted at the fly.,The fly buzzed away.,The fly stayed still.,1,Ер адам шыбынға шықты.,Шыбыны қуып кетті.,Шыбын әлі де қалды.
995,cause,The man wrote a will.,He was dying.,He was a widower.,1,Ер адам ерік жазды.,Ол өліп жатты.,Ол жесір болған.
996,effect,The runner sensed his competitor gaining on him.,He dropped out of the race.,He sped up his pace.,2,Жүгіруші өзінің бәсекелесін өзіне алғанын сезді.,Ол жарыстан кетті.,Ол өзінің қарқынын көтерді.
997,effect,I thought carefully about the problem.,I asked for advice.,I came up with a solution.,2,Мен проблеманы мұқият ойладым.,Мен кеңес сұрадым.,Мен шешім қабылдадым.
998,effect,The traveler walked on the shaky suspension bridge.,He felt terrified.,He felt ecstatic.,1,Саяхатшы Шаки аспалы көпірінде жүрді.,Ол қатты қорасты.,Ол экстаздық сезінді.
999,effect,The man anticipated the team's victory.,He met his friends to watch the game.,He made a bet with his friends.,2,Ер адам команданың жеңісін болжады.,Ол достарымен кездесті.,Ол достарымен ставка жасады.
1000,effect,The boy couldn't fall asleep.,He set his alarm clock.,He counted sheep.,2,Бала ұйықтай алмады.,Ол өзінің оятқышын орнатты.,Ол қойларды санады.
